-- Generated from Strapi CSV data under .migrate/rds_data
-- Scope: media files + folder hierarchy only
-- Source counts: 23 folders, 121 media files
-- IDs have been remapped to 0-based contiguous integers while preserving relations.
--
-- Prerequisites:
-- 1) Table payload_folders exists
-- 2) Table payload_folders_folder_type exists
-- 3) Column media.folder_id exists

-- 1) Upsert folder tree (0-based IDs)
INSERT INTO payload_folders (id, name, folder_id, updated_at, created_at)
VALUES
  (0, 'Cooking Equipment', NULL, '2025-11-12T06:41:58.648Z', '2025-11-12T06:41:58.648Z'),
  (1, 'Candy Floss Machines', 0, '2025-11-12T06:42:26.177Z', '2025-11-12T06:42:26.177Z'),
  (2, 'Chicken Rotisserie Ovens', 0, '2025-11-13T02:05:05.317Z', '2025-11-13T02:05:05.317Z'),
  (3, 'Coffee and Chocolate', 0, '2025-11-13T02:41:27.78Z', '2025-11-13T02:41:27.78Z'),
  (10, 'Commercial Module', 0, '2025-11-13T03:19:30.766Z', '2025-11-13T03:19:30.766Z'),
  (13, 'Commercial Griddles', 0, '2025-11-13T04:10:30.781Z', '2025-11-13T04:10:30.781Z'),
  (14, 'Donut Machine', 0, '2025-11-14T02:06:57.343Z', '2025-11-14T02:06:57.343Z'),
  (18, 'Commercial Combi-Oven', 0, '2025-11-15T15:36:37.678Z', '2025-11-15T15:36:37.678Z'),
  (4, 'Chocolate Machines', 3, '2025-11-13T02:43:24.092Z', '2025-11-13T02:43:24.092Z'),
  (9, 'Coffee Machine', 3, '2025-11-13T03:07:00.204Z', '2025-11-13T03:07:00.204Z'),
  (11, '900 Series', 10, '2025-11-13T03:19:48.213Z', '2025-11-13T03:19:48.213Z'),
  (12, '700 Series', 10, '2025-11-13T03:20:03.377Z', '2025-11-13T03:20:03.377Z'),
  (15, 'Donut Robot', 14, '2025-11-14T02:07:21.009Z', '2025-11-14T02:07:21.009Z'),
  (16, 'Funnel cake fryer', 14, '2025-11-14T02:07:37.68Z', '2025-11-14T02:07:37.68Z'),
  (17, 'Youtiao Machine', 14, '2025-11-14T02:07:50.466Z', '2025-11-14T02:07:50.466Z'),
  (19, 'Combination Oven Basic Series', 18, '2025-11-17T11:09:16.564Z', '2025-11-17T06:21:21.196Z'),
  (20, 'Combination Oven Economic Series', 18, '2025-11-17T09:28:40.158Z', '2025-11-17T06:21:34.331Z'),
  (21, 'Combination Oven Mechanical Series', 18, '2025-11-17T06:21:43.842Z', '2025-11-17T06:21:43.842Z'),
  (22, 'Combination Oven Professional Series', 18, '2025-11-17T06:21:58.023Z', '2025-11-17T06:21:58.023Z'),
  (5, 'Chocolate Fountain Machine', 4, '2025-11-17T12:30:45.519Z', '2025-11-13T02:43:54.663Z'),
  (6, 'Chocolate Coating Machine', 4, '2025-11-13T02:46:49.401Z', '2025-11-13T02:46:49.401Z'),
  (7, 'Cholote Filling Machine', 4, '2025-11-13T02:50:05.401Z', '2025-11-13T02:50:05.401Z'),
  (8, 'Cholote Heat Preservation Machine', 4, '2025-11-13T02:52:03.544Z', '2025-11-13T02:52:03.544Z')
ON CONFLICT(id) DO UPDATE SET
  name = excluded.name,
  folder_id = excluded.folder_id,
  updated_at = excluded.updated_at,
  created_at = excluded.created_at;

-- 2) Ensure all imported folders are marked for media collection
INSERT INTO payload_folders_folder_type (id, "order", parent_id, value)
VALUES
  (0, 1, 0, 'media'),
  (1, 1, 1, 'media'),
  (2, 1, 2, 'media'),
  (3, 1, 3, 'media'),
  (10, 1, 10, 'media'),
  (13, 1, 13, 'media'),
  (14, 1, 14, 'media'),
  (18, 1, 18, 'media'),
  (4, 1, 4, 'media'),
  (9, 1, 9, 'media'),
  (11, 1, 11, 'media'),
  (12, 1, 12, 'media'),
  (15, 1, 15, 'media'),
  (16, 1, 16, 'media'),
  (17, 1, 17, 'media'),
  (19, 1, 19, 'media'),
  (20, 1, 20, 'media'),
  (21, 1, 21, 'media'),
  (22, 1, 22, 'media'),
  (5, 1, 5, 'media'),
  (6, 1, 6, 'media'),
  (7, 1, 7, 'media'),
  (8, 1, 8, 'media')
ON CONFLICT(id) DO UPDATE SET
  "order" = excluded."order",
  parent_id = excluded.parent_id,
  value = excluded.value;

-- 3) Upsert media records and attach folder relationship (0-based IDs)
INSERT INTO media (
  id,
  alt,
  folder_id,
  updated_at,
  created_at,
  url,
  thumbnail_u_r_l,
  filename,
  mime_type,
  filesize,
  width,
  height
)
VALUES
  (0, 'IECF0001.png', 1, '2025-11-13T02:03:13.132Z', '2025-11-13T02:03:13.132Z', 'https://img.viteedge.com/IECF_0001_b24f649758.png', 'https://img.viteedge.com/thumbnail_IECF_0001_b24f649758.png', 'IECF_0001_b24f649758.png', 'image/png', 107674, 1784, 1428),
  (1, 'IECF0002.jpg', 1, '2025-11-13T02:03:13.317Z', '2025-11-13T02:03:13.317Z', 'https://img.viteedge.com/IECF_0002_7581dedd30.jpg', 'https://img.viteedge.com/thumbnail_IECF_0002_7581dedd30.jpg', 'IECF_0002_7581dedd30.jpg', 'image/jpeg', 104796, 1784, 1428),
  (2, 'IECF0003.jpg', 1, '2025-11-13T02:03:14.135Z', '2025-11-13T02:03:14.135Z', 'https://img.viteedge.com/IECF_0003_e0385f4663.jpg', 'https://img.viteedge.com/thumbnail_IECF_0003_e0385f4663.jpg', 'IECF_0003_e0385f4663.jpg', 'image/jpeg', 106793, 1601, 1418),
  (3, 'IECF1002.jpg', 1, '2025-11-13T02:03:14.181Z', '2025-11-13T02:03:14.181Z', 'https://img.viteedge.com/IECF_1002_bae658f8ff.jpg', 'https://img.viteedge.com/thumbnail_IECF_1002_bae658f8ff.jpg', 'IECF_1002_bae658f8ff.jpg', 'image/jpeg', 117176, 1673, 1717),
  (4, 'IECF00CF28_1.jpg', 5, '2025-11-18T07:14:30.878Z', '2025-11-13T02:46:09.408Z', 'https://img.viteedge.com/IECF_00_CF_28_1_7d391e38c9.jpg', 'https://img.viteedge.com/thumbnail_IECF_00_CF_28_1_7d391e38c9.jpg', 'IECF_00_CF_28_1_7d391e38c9.jpg', 'image/jpeg', 139356, 1412, 1584),
  (5, 'IECC-TC24A.jpg', 6, '2025-11-13T02:49:42.66Z', '2025-11-13T02:49:42.66Z', 'https://img.viteedge.com/IECC_TC_24_A_cecc51e833.jpg', 'https://img.viteedge.com/thumbnail_IECC_TC_24_A_cecc51e833.jpg', 'IECC_TC_24_A_cecc51e833.jpg', 'image/jpeg', 92539, 1378, 1401),
  (6, 'IECC-D201308.jpg', 6, '2025-11-13T02:49:42.854Z', '2025-11-13T02:49:42.854Z', 'https://img.viteedge.com/IECC_D201308_3a71048959.jpg', 'https://img.viteedge.com/thumbnail_IECC_D201308_3a71048959.jpg', 'IECC_D201308_3a71048959.jpg', 'image/jpeg', 88115, 1517, 1467),
  (7, 'IECC-TC24B.jpg', 6, '2025-11-13T02:49:43.857Z', '2025-11-13T02:49:43.857Z', 'https://img.viteedge.com/IECC_TC_24_B_96866477a4.jpg', 'https://img.viteedge.com/thumbnail_IECC_TC_24_B_96866477a4.jpg', 'IECC_TC_24_B_96866477a4.jpg', 'image/jpeg', 170455, 1812, 1773),
  (8, 'IECC-D201330.jpg', 6, '2025-11-13T02:49:44.045Z', '2025-11-13T02:49:44.045Z', 'https://img.viteedge.com/IECC_D201330_f69eb2433f.jpg', 'https://img.viteedge.com/thumbnail_IECC_D201330_f69eb2433f.jpg', 'IECC_D201330_f69eb2433f.jpg', 'image/jpeg', 148490, 1873, 1656),
  (9, 'Coated Food.jpg', 6, '2025-11-13T02:49:44.318Z', '2025-11-13T02:49:44.318Z', 'https://img.viteedge.com/Coated_Food_a428494a07.jpg', 'https://img.viteedge.com/thumbnail_Coated_Food_a428494a07.jpg', 'Coated_Food_a428494a07.jpg', 'image/jpeg', 161894, 2951, 801),
  (10, 'IECC-TC8KG.jpg', 6, '2025-11-13T02:49:44.836Z', '2025-11-13T02:49:44.836Z', 'https://img.viteedge.com/IECC_TC_8_KG_c2b4e81be4.jpg', 'https://img.viteedge.com/thumbnail_IECC_TC_8_KG_c2b4e81be4.jpg', 'IECC_TC_8_KG_c2b4e81be4.jpg', 'image/jpeg', 270438, 2973, 2001),
  (11, 'IECF-CT0103.jpg', 7, '2025-11-13T02:51:02.088Z', '2025-11-13T02:51:02.088Z', 'https://img.viteedge.com/IECF_CT_0103_85d1cfa824.jpg', 'https://img.viteedge.com/thumbnail_IECF_CT_0103_85d1cfa824.jpg', 'IECF_CT_0103_85d1cfa824.jpg', 'image/jpeg', 95027, 1817, 1106),
  (12, 'IECF-CT0008.jpg', 7, '2025-11-13T02:51:02.503Z', '2025-11-13T02:51:02.503Z', 'https://img.viteedge.com/IECF_CT_0008_1a2cb5b135.jpg', 'https://img.viteedge.com/thumbnail_IECF_CT_0008_1a2cb5b135.jpg', 'IECF_CT_0008_1a2cb5b135.jpg', 'image/jpeg', 113582, 1745, 1601),
  (13, 'Filled Food.jpg', 7, '2025-11-13T02:51:02.752Z', '2025-11-13T02:51:02.752Z', 'https://img.viteedge.com/Filled_Food_c2c5a78187.jpg', 'https://img.viteedge.com/thumbnail_Filled_Food_c2c5a78187.jpg', 'Filled_Food_c2c5a78187.jpg', 'image/jpeg', 133796, 2745, 673),
  (14, 'IECW-C2002-1,2,3,4,5,6.jpg', 8, '2025-11-13T02:52:50.822Z', '2025-11-13T02:52:50.822Z', 'https://img.viteedge.com/IECW_C2002_1_2_3_4_5_6_48551945da.jpg', 'https://img.viteedge.com/thumbnail_IECW_C2002_1_2_3_4_5_6_48551945da.jpg', 'IECW_C2002_1_2_3_4_5_6_48551945da.jpg', 'image/jpeg', 178473, 2701, 1356),
  (15, 'IECW-D2002-1,2,3,4,5,6.jpg', 8, '2025-11-13T02:52:51.087Z', '2025-11-13T02:52:51.087Z', 'https://img.viteedge.com/IECW_D2002_1_2_3_4_5_6_657978ff48.jpg', 'https://img.viteedge.com/thumbnail_IECW_D2002_1_2_3_4_5_6_657978ff48.jpg', 'IECW_D2002_1_2_3_4_5_6_657978ff48.jpg', 'image/jpeg', 189665, 2801, 1423),
  (16, 'IECF-K402T.png', 9, '2025-11-13T03:07:37.344Z', '2025-11-13T03:07:37.344Z', 'https://img.viteedge.com/IECF_K402_T_1ed42ef009.png', 'https://img.viteedge.com/thumbnail_IECF_K402_T_1ed42ef009.png', 'IECF_K402_T_1ed42ef009.png', 'image/png', 796180, 2364, 1773),
  (17, 'IECF-K202T.png', 9, '2025-11-13T03:07:43.547Z', '2025-11-13T03:07:43.547Z', 'https://img.viteedge.com/IECF_K202_T_dab849f428.png', 'https://img.viteedge.com/thumbnail_IECF_K202_T_dab849f428.png', 'IECF_K202_T_dab849f428.png', 'image/png', 932116, 2364, 1773),
  (18, 'IECF-K302T.png', 9, '2025-11-13T03:07:43.83Z', '2025-11-13T03:07:43.83Z', 'https://img.viteedge.com/IECF_K302_T_c6c1dd8637.png', 'https://img.viteedge.com/thumbnail_IECF_K302_T_c6c1dd8637.png', 'IECF_K302_T_c6c1dd8637.png', 'image/png', 898150, 2364, 1773),
  (19, 'IECF-K401T.png', 9, '2025-11-13T03:07:45.476Z', '2025-11-13T03:07:45.476Z', 'https://img.viteedge.com/IECF_K401_T_8c1719428b.png', 'https://img.viteedge.com/thumbnail_IECF_K401_T_8c1719428b.png', 'IECF_K401_T_8c1719428b.png', 'image/png', 946217, 2048, 2048),
  (20, 'IECF-KS535.png', 9, '2025-11-13T03:07:45.517Z', '2025-11-13T03:07:45.517Z', 'https://img.viteedge.com/IECF_KS_535_41b64ecb8b.png', 'https://img.viteedge.com/thumbnail_IECF_KS_535_41b64ecb8b.png', 'IECF_KS_535_41b64ecb8b.png', 'image/png', 852634, 2364, 1773),
  (21, 'IECF-KS530.png', 9, '2025-11-13T03:07:45.579Z', '2025-11-13T03:07:45.579Z', 'https://img.viteedge.com/IECF_KS_530_bf2041ae74.png', 'https://img.viteedge.com/thumbnail_IECF_KS_530_bf2041ae74.png', 'IECF_KS_530_bf2041ae74.png', 'image/png', 1071534, 2048, 2048),
  (22, 'IECF-K102T.png', 9, '2025-11-13T03:07:45.591Z', '2025-11-13T03:07:45.591Z', 'https://img.viteedge.com/IECF_K102_T_e24db353bc.png', 'https://img.viteedge.com/thumbnail_IECF_K102_T_e24db353bc.png', 'IECF_K102_T_e24db353bc.png', 'image/png', 1032561, 2048, 2048),
  (23, 'IECF-K301T.png', 9, '2025-11-13T03:07:46.037Z', '2025-11-13T03:07:46.037Z', 'https://img.viteedge.com/IECF_K301_T_182734eb0d.png', 'https://img.viteedge.com/thumbnail_IECF_K301_T_182734eb0d.png', 'IECF_K301_T_182734eb0d.png', 'image/png', 1163807, 2048, 2048),
  (24, 'IECF-K101T.png', 9, '2025-11-13T03:08:00.203Z', '2025-11-13T03:08:00.203Z', 'https://img.viteedge.com/IECF_K101_T_585775e281.png', 'https://img.viteedge.com/thumbnail_IECF_K101_T_585775e281.png', 'IECF_K101_T_585775e281.png', 'image/png', 886579, 2048, 2048),
  (25, 'IECF-K201T.png', 9, '2025-11-13T03:08:00.264Z', '2025-11-13T03:08:00.264Z', 'https://img.viteedge.com/IECF_K201_T_a89cacbaba.png', 'https://img.viteedge.com/thumbnail_IECF_K201_T_a89cacbaba.png', 'IECF_K201_T_a89cacbaba.png', 'image/png', 889426, 2048, 2048),
  (26, 'IECF-K101T.png', 9, '2025-11-13T03:09:04.397Z', '2025-11-13T03:09:04.397Z', 'https://img.viteedge.com/IECF_K101_T_b80a4196e3.png', 'https://img.viteedge.com/thumbnail_IECF_K101_T_b80a4196e3.png', 'IECF_K101_T_b80a4196e3.png', 'image/png', 886579, 2048, 2048),
  (27, 'IECF-K102T.png', 9, '2025-11-13T03:09:06.451Z', '2025-11-13T03:09:06.451Z', 'https://img.viteedge.com/IECF_K102_T_d04bc7808f.png', 'https://img.viteedge.com/thumbnail_IECF_K102_T_d04bc7808f.png', 'IECF_K102_T_d04bc7808f.png', 'image/png', 1032561, 2048, 2048),
  (28, '单缸单筛燃气炸炉连柜座）IGSF-RC-1-B.png', 12, '2025-11-13T07:13:02.712Z', '2025-11-13T07:13:02.712Z', 'https://img.viteedge.com/IGSF_RC_1_B_d033cbfbf3.png', 'https://img.viteedge.com/thumbnail_IGSF_RC_1_B_d033cbfbf3.png', 'IGSF_RC_1_B_d033cbfbf3.png', 'image/png', 864123, 2490, 3826),
  (29, '单缸单筛电炸炉连柜座）IESF-TC-1-B.png', 12, '2025-11-13T07:13:04.736Z', '2025-11-13T07:13:04.736Z', 'https://img.viteedge.com/IESF_TC_1_B_5a6e2efd6c.png', 'https://img.viteedge.com/thumbnail_IESF_TC_1_B_5a6e2efd6c.png', 'IESF_TC_1_B_5a6e2efd6c.png', 'image/png', 944179, 2538, 3882),
  (30, '电1-3坑扒炉连柜座 IEGD-TG-B.png', 12, '2025-11-13T07:13:13.255Z', '2025-11-13T07:13:13.255Z', 'https://img.viteedge.com/1_3_IEGD_TG_B_bfed6e3208.png', 'https://img.viteedge.com/thumbnail_1_3_IEGD_TG_B_bfed6e3208.png', '1_3_IEGD_TG_B_bfed6e3208.png', 'image/png', 1230674, 3034, 3294),
  (31, '电夹层汤锅 IEJP-TO60-B.png', 12, '2025-11-13T07:13:24.235Z', '2025-11-13T07:13:24.235Z', 'https://img.viteedge.com/IEJP_TO_60_B_ac0ad5b1bc.png', 'https://img.viteedge.com/thumbnail_IEJP_TO_60_B_ac0ad5b1bc.png', 'IEJP_TO_60_B_ac0ad5b1bc.png', 'image/png', 1282836, 2964, 3666),
  (32, '双缸双筛电炸炉连柜座 IEDF-TC-2-B.png', 12, '2025-11-13T07:13:57.733Z', '2025-11-13T07:13:57.733Z', 'https://img.viteedge.com/IEDF_TC_2_B_59f024fb5a.png', 'https://img.viteedge.com/thumbnail_IEDF_TC_2_B_59f024fb5a.png', 'IEDF_TC_2_B_59f024fb5a.png', 'image/png', 1491067, 3584, 3790),
  (33, '双缸双筛燃气炸炉连柜座 IGDF-RC-Z-B.png', 12, '2025-11-13T07:14:01.638Z', '2025-11-13T07:14:01.638Z', 'https://img.viteedge.com/IGDF_RC_Z_B_a41adc9f1e.png', 'https://img.viteedge.com/thumbnail_IGDF_RC_Z_B_a41adc9f1e.png', 'IGDF_RC_Z_B_a41adc9f1e.png', 'image/png', 1482332, 3682, 3892),
  (34, '燃气夹层汤锅 IGJP-RO60-B.png', 12, '2025-11-13T07:14:04.602Z', '2025-11-13T07:14:04.602Z', 'https://img.viteedge.com/IGJP_RO_60_B_7c7ab73bae.png', 'https://img.viteedge.com/thumbnail_IGJP_RO_60_B_7c7ab73bae.png', 'IGJP_RO_60_B_7c7ab73bae.png', 'image/png', 1455012, 3192, 4062),
  (35, '四头燃气煲仔炉连气焗炉 IGHP-RO-4-B.png', 12, '2025-11-13T07:14:06.533Z', '2025-11-13T07:14:06.533Z', 'https://img.viteedge.com/IGHP_RO_4_B_a1c24356ad.png', 'https://img.viteedge.com/thumbnail_IGHP_RO_4_B_a1c24356ad.png', 'IGHP_RO_4_B_a1c24356ad.png', 'image/png', 1481626, 3828, 3766),
  (36, '六头燃气煲仔炉连气焗炉 IGHP-RQ-6-B.png', 12, '2025-11-13T07:14:06.941Z', '2025-11-13T07:14:06.941Z', 'https://img.viteedge.com/IGHP_RQ_6_B_ca830413c0.png', 'https://img.viteedge.com/thumbnail_IGHP_RQ_6_B_ca830413c0.png', 'IGHP_RQ_6_B_ca830413c0.png', 'image/png', 1928612, 4422, 3322),
  (37, '燃气保温汤池连柜座 IGBM-RB-B.png', 12, '2025-11-13T07:14:08.463Z', '2025-11-13T07:14:08.463Z', 'https://img.viteedge.com/IGBM_RB_B_9179ee81b0.png', 'https://img.viteedge.com/thumbnail_IGBM_RB_B_9179ee81b0.png', 'IGBM_RB_B_9179ee81b0.png', 'image/png', 1566024, 3806, 3950),
  (38, '电煮面炉连柜座 IEPB-TM-9-B.png', 12, '2025-11-13T07:14:10.765Z', '2025-11-13T07:14:10.765Z', 'https://img.viteedge.com/IEPB_TM_9_B_7fafcd5337.png', 'https://img.viteedge.com/thumbnail_IEPB_TM_9_B_7fafcd5337.png', 'IEPB_TM_9_B_7fafcd5337.png', 'image/png', 1753272, 3200, 3958),
  (39, '燃气烧烤炉连柜座 IGGR-RH-B.png', 12, '2025-11-13T07:14:17.033Z', '2025-11-13T07:14:17.033Z', 'https://img.viteedge.com/IGGR_RH_B_c943677938.png', 'https://img.viteedge.com/thumbnail_IGGR_RH_B_c943677938.png', 'IGGR_RH_B_c943677938.png', 'image/png', 2253916, 4668, 4642),
  (40, '燃气1-3坑扒炉连柜座 IGGD-RG-B.png', 12, '2025-11-13T07:17:30.821Z', '2025-11-13T07:17:30.821Z', 'https://img.viteedge.com/1_3_IGGD_RG_B_adc0a6b91b.png', 'https://img.viteedge.com/thumbnail_1_3_IGGD_RG_B_adc0a6b91b.png', '1_3_IGGD_RG_B_adc0a6b91b.png', 'image/png', 1581967, 3466, 3762),
  (41, '电保温汤池连柜座 IEBM-TB-B.png', 12, '2025-11-13T07:17:32.62Z', '2025-11-13T07:17:32.62Z', 'https://img.viteedge.com/IEBM_TB_B_28b9b1eb6f.png', 'https://img.viteedge.com/thumbnail_IEBM_TB_B_28b9b1eb6f.png', 'IEBM_TB_B_28b9b1eb6f.png', 'image/png', 1691832, 4040, 4192),
  (42, '电烧烤炉连柜座 IEGR-TH-B.png', 12, '2025-11-13T07:17:54.187Z', '2025-11-13T07:17:54.187Z', 'https://img.viteedge.com/IEGR_TH_B_ea901a2251.png', 'https://img.viteedge.com/thumbnail_IEGR_TH_B_ea901a2251.png', 'IEGR_TH_B_ea901a2251.png', 'image/png', 1690542, 4060, 4040),
  (43, '可倾斜式电炒锅 IETP-TS-B.png', 12, '2025-11-13T07:17:55.265Z', '2025-11-13T07:17:55.265Z', 'https://img.viteedge.com/IETP_TS_B_001faf660d.png', 'https://img.viteedge.com/thumbnail_IETP_TS_B_001faf660d.png', 'IETP_TS_B_001faf660d.png', 'image/png', 1976771, 3848, 3992),
  (44, '燃气煮面炉连柜座 IGPB-RM-9-B.png', 12, '2025-11-13T07:20:35.29Z', '2025-11-13T07:20:35.29Z', 'https://img.viteedge.com/IGPB_RM_9_B_573d6b89ec.png', 'https://img.viteedge.com/thumbnail_IGPB_RM_9_B_573d6b89ec.png', 'IGPB_RM_9_B_573d6b89ec.png', 'image/png', 1884754, 3336, 4128),
  (45, '燃气可倾斜式炒锅 IGTP-RS-B.png', 12, '2025-11-13T07:24:00.965Z', '2025-11-13T07:24:00.965Z', 'https://img.viteedge.com/IGTP_RS_B_55d9507bd6.png', 'https://img.viteedge.com/thumbnail_IGTP_RS_B_55d9507bd6.png', 'IGTP_RS_B_55d9507bd6.png', 'image/png', 1841992, 3650, 3786),
  (46, '单缸单筛电炸炉连柜座 IESF-TC-1-A.png', 11, '2025-11-13T07:32:18.808Z', '2025-11-13T07:32:18.808Z', 'https://img.viteedge.com/IESF_TC_1_A_da055edd00.png', 'https://img.viteedge.com/thumbnail_IESF_TC_1_A_da055edd00.png', 'IESF_TC_1_A_da055edd00.png', 'image/png', 1237064, 2808, 3978),
  (47, '单缸单筛燃气炸炉连柜座）IGSF-RC-1-A.png', 11, '2025-11-13T07:32:19.479Z', '2025-11-13T07:32:19.479Z', 'https://img.viteedge.com/IGSF_RC_1_A_696d476a77.png', 'https://img.viteedge.com/thumbnail_IGSF_RC_1_A_696d476a77.png', 'IGSF_RC_1_A_696d476a77.png', 'image/png', 1175388, 2786, 3802),
  (48, '电夹层汤锅 IEJP-TO150-A.png', 11, '2025-11-13T07:32:19.54Z', '2025-11-13T07:32:19.54Z', 'https://img.viteedge.com/IEJP_TO_150_A_34645e1a48.png', 'https://img.viteedge.com/thumbnail_IEJP_TO_150_A_34645e1a48.png', 'IEJP_TO_150_A_34645e1a48.png', 'image/png', 1256366, 2964, 3666),
  (49, '电1-3坑扒炉连柜座 IEGD-TG-A.png', 11, '2025-11-13T07:32:23.603Z', '2025-11-13T07:32:23.603Z', 'https://img.viteedge.com/1_3_IEGD_TG_A_2ec45e0bbb.png', 'https://img.viteedge.com/thumbnail_1_3_IEGD_TG_A_2ec45e0bbb.png', '1_3_IEGD_TG_A_2ec45e0bbb.png', 'image/png', 1514660, 3416, 3464),
  (50, '电煮面炉连柜座 IEPB-TM-12-A.png', 11, '2025-11-13T07:32:28.957Z', '2025-11-13T07:32:28.957Z', 'https://img.viteedge.com/IEPB_TM_12_A_35516d1a60.png', 'https://img.viteedge.com/thumbnail_IEPB_TM_12_A_35516d1a60.png', 'IEPB_TM_12_A_35516d1a60.png', 'image/png', 1832776, 3352, 3652),
  (51, '电烧烤炉连柜座 IEGR-TH-A.png', 11, '2025-11-13T07:32:29.406Z', '2025-11-13T07:32:29.406Z', 'https://img.viteedge.com/IEGR_TH_A_d02bfebb04.png', 'https://img.viteedge.com/thumbnail_IEGR_TH_A_d02bfebb04.png', 'IEGR_TH_A_d02bfebb04.png', 'image/png', 1808333, 3660, 3574),
  (52, '六头燃气煲仔炉连电焗炉 IGHP-TQ-6-A.png', 11, '2025-11-13T07:32:36.577Z', '2025-11-13T07:32:36.577Z', 'https://img.viteedge.com/IGHP_TQ_6_A_fa9d038269.png', 'https://img.viteedge.com/thumbnail_IGHP_TQ_6_A_fa9d038269.png', 'IGHP_TQ_6_A_fa9d038269.png', 'image/png', 2045348, 4362, 3322),
  (53, '可倾斜式电炒锅 IETP-TS-A.png', 11, '2025-11-13T07:32:39.08Z', '2025-11-13T07:32:39.08Z', 'https://img.viteedge.com/IETP_TS_A_1df838a544.png', 'https://img.viteedge.com/thumbnail_IETP_TS_A_1df838a544.png', 'IETP_TS_A_1df838a544.png', 'image/png', 2338918, 4068, 4264),
  (54, '燃气夹层汤锅 IGJP-RO150-A.png', 11, '2025-11-13T07:33:10.831Z', '2025-11-13T07:33:10.831Z', 'https://img.viteedge.com/IGJP_RO_150_A_5888aa0d7e.png', 'https://img.viteedge.com/thumbnail_IGJP_RO_150_A_5888aa0d7e.png', 'IGJP_RO_150_A_5888aa0d7e.png', 'image/png', 764017, 2410, 2514),
  (55, '燃气煮面炉连柜座 IGPB-RM-12-A.png', 11, '2025-11-13T07:33:12.994Z', '2025-11-13T07:33:12.994Z', 'https://img.viteedge.com/IGPB_RM_12_A_6459f2c9dc.png', 'https://img.viteedge.com/thumbnail_IGPB_RM_12_A_6459f2c9dc.png', 'IGPB_RM_12_A_6459f2c9dc.png', 'image/png', 884859, 2942, 2610),
  (56, '燃气可倾斜式炒锅 IGTP-RS-A.png', 11, '2025-11-13T07:33:17.534Z', '2025-11-13T07:33:17.534Z', 'https://img.viteedge.com/IGTP_RS_A_44cf4d9f97.png', 'https://img.viteedge.com/thumbnail_IGTP_RS_A_44cf4d9f97.png', 'IGTP_RS_A_44cf4d9f97.png', 'image/png', 902543, 2504, 2544),
  (57, '双缸双筛电炸炉连柜座 IEDF-TC-2-A.png', 11, '2025-11-13T07:33:46.398Z', '2025-11-13T07:33:46.398Z', 'https://img.viteedge.com/IEDF_TC_2_A_a295868d9a.png', 'https://img.viteedge.com/thumbnail_IEDF_TC_2_A_a295868d9a.png', 'IEDF_TC_2_A_a295868d9a.png', 'image/png', 1945743, 3976, 4038),
  (58, '燃气1-3 坑扒炉连柜座 IGGD-RG-A.png', 11, '2025-11-13T07:33:48.457Z', '2025-11-13T07:33:48.457Z', 'https://img.viteedge.com/1_3_IGGD_RG_A_42ab7d2eca.png', 'https://img.viteedge.com/thumbnail_1_3_IGGD_RG_A_42ab7d2eca.png', '1_3_IGGD_RG_A_42ab7d2eca.png', 'image/png', 1877606, 3902, 4024),
  (59, '六头燃气煲仔炉连气焗炉 IGHO-RQ-6-A.png', 11, '2025-11-13T07:33:51.228Z', '2025-11-13T07:33:51.228Z', 'https://img.viteedge.com/IGHO_RQ_6_A_744f331da2.png', 'https://img.viteedge.com/thumbnail_IGHO_RQ_6_A_744f331da2.png', 'IGHO_RQ_6_A_744f331da2.png', 'image/png', 1969777, 4208, 3204),
  (60, '燃气保温汤池连柜座 IGBM-RB-A.png', 11, '2025-11-13T07:33:51.318Z', '2025-11-13T07:33:51.318Z', 'https://img.viteedge.com/IGBM_RB_A_504efc3a4d.png', 'https://img.viteedge.com/thumbnail_IGBM_RB_A_504efc3a4d.png', 'IGBM_RB_A_504efc3a4d.png', 'image/png', 2041549, 4024, 4140),
  (61, '燃气烧烤炉连柜座 IGGR-RH-A.png', 11, '2025-11-13T07:33:55.237Z', '2025-11-13T07:33:55.237Z', 'https://img.viteedge.com/IGGR_RH_A_c5b76cc9b9.png', 'https://img.viteedge.com/thumbnail_IGGR_RH_A_c5b76cc9b9.png', 'IGGR_RH_A_c5b76cc9b9.png', 'image/png', 2339553, 3902, 4154),
  (62, '双缸双筛燃气炸炉连柜座）IGDF-RC-2-A.png', 11, '2025-11-13T07:34:49.154Z', '2025-11-13T07:34:49.154Z', 'https://img.viteedge.com/IGDF_RC_2_A_c60adf1804.png', 'https://img.viteedge.com/thumbnail_IGDF_RC_2_A_c60adf1804.png', 'IGDF_RC_2_A_c60adf1804.png', 'image/png', 1655388, 3676, 3478),
  (63, '四头电煮食炉连柜座（圆形）IEHP-TE-4-A.png', 11, '2025-11-13T07:35:03.205Z', '2025-11-13T07:35:03.205Z', 'https://img.viteedge.com/IEHP_TE_4_A_be5207cdf0.png', 'https://img.viteedge.com/thumbnail_IEHP_TE_4_A_be5207cdf0.png', 'IEHP_TE_4_A_be5207cdf0.png', 'image/png', 2111621, 3764, 3928),
  (64, '四头燃气煲仔炉连电焗炉 IGHP-TQ-4-A.png', 11, '2025-11-13T07:35:05.78Z', '2025-11-13T07:35:05.78Z', 'https://img.viteedge.com/IGHP_TQ_4_A_7068920cdf.png', 'https://img.viteedge.com/thumbnail_IGHP_TQ_4_A_7068920cdf.png', 'IGHP_TQ_4_A_7068920cdf.png', 'image/png', 2068531, 3676, 3932),
  (65, '四头电煮食炉连电焗炉（圆形）IEHP-TT-4A-A.png', 11, '2025-11-13T07:35:07.344Z', '2025-11-13T07:35:07.344Z', 'https://img.viteedge.com/IEHP_TT_4_A_A_3057efc3cf.png', 'https://img.viteedge.com/thumbnail_IEHP_TT_4_A_A_3057efc3cf.png', 'IEHP_TT_4_A_A_3057efc3cf.png', 'image/png', 2297641, 3924, 3834),
  (66, '四头燃气煲仔炉连柜座 IGHP-RQ-4A-A.png', 11, '2025-11-13T07:35:13.014Z', '2025-11-13T07:35:13.014Z', 'https://img.viteedge.com/IGHP_RQ_4_A_A_1fbbe27db8.png', 'https://img.viteedge.com/thumbnail_IGHP_RQ_4_A_A_1fbbe27db8.png', 'IGHP_RQ_4_A_A_1fbbe27db8.png', 'image/png', 3536630, 5170, 5418),
  (67, '四头燃气煲仔炉连气焗炉 IGHP-RQ-4-A.png', 11, '2025-11-13T07:35:17.984Z', '2025-11-13T07:35:17.984Z', 'https://img.viteedge.com/IGHP_RQ_4_A_12c85940ce.png', 'https://img.viteedge.com/thumbnail_IGHP_RQ_4_A_12c85940ce.png', 'IGHP_RQ_4_A_12c85940ce.png', 'image/png', 1843825, 3404, 3616),
  (68, '四头燃气煲仔炉连气焗炉 IGHP-RQ-4-A.png', 11, '2025-11-13T07:36:44.238Z', '2025-11-13T07:36:44.238Z', 'https://img.viteedge.com/IGHP_RQ_4_A_da523a4087.png', 'https://img.viteedge.com/thumbnail_IGHP_RQ_4_A_da523a4087.png', 'IGHP_RQ_4_A_da523a4087.png', 'image/png', 1843825, 3404, 3616),
  (69, '8.jpg', 1, '2025-11-13T08:30:00.403Z', '2025-11-13T08:28:10.826Z', 'https://img.viteedge.com/8_b1eb0e56a2.jpg', 'https://img.viteedge.com/thumbnail_8_b1eb0e56a2.jpg', '8_b1eb0e56a2.jpg', 'image/jpeg', 149105, 1060, 1060),
  (70, '4.jpg', 1, '2025-11-13T08:59:30.103Z', '2025-11-13T08:59:30.103Z', 'https://img.viteedge.com/4_7f632adf9d.jpg', 'https://img.viteedge.com/thumbnail_4_7f632adf9d.jpg', '4_7f632adf9d.jpg', 'image/jpeg', 104131, 1060, 1060),
  (71, 'IECR0206.jpg', 2, '2025-11-13T10:14:12.888Z', '2025-11-13T10:14:12.888Z', 'https://img.viteedge.com/IECR_0206_ec83da4e6c.jpg', 'https://img.viteedge.com/thumbnail_IECR_0206_ec83da4e6c.jpg', 'IECR_0206_ec83da4e6c.jpg', 'image/jpeg', 21176, 293, 531),
  (72, 'IGCR0206.jpg', 2, '2025-11-13T10:14:13.273Z', '2025-11-13T10:14:13.273Z', 'https://img.viteedge.com/IGCR_0206_4c3edf44fe.jpg', 'https://img.viteedge.com/thumbnail_IGCR_0206_4c3edf44fe.jpg', 'IGCR_0206_4c3edf44fe.jpg', 'image/jpeg', 46141, 451, 872),
  (73, 'IECR0266.jpg', 2, '2025-11-13T10:14:22.357Z', '2025-11-13T10:14:22.357Z', 'https://img.viteedge.com/IECR_0266_8365d2d2ef.jpg', 'https://img.viteedge.com/thumbnail_IECR_0266_8365d2d2ef.jpg', 'IECR_0266_8365d2d2ef.jpg', 'image/jpeg', 275517, 2972, 2216),
  (74, 'IECR0268.png', 2, '2025-11-13T10:14:36.499Z', '2025-11-13T10:14:36.499Z', 'https://img.viteedge.com/IECR_0268_f99c8d25e3.png', 'https://img.viteedge.com/thumbnail_IECR_0268_f99c8d25e3.png', 'IECR_0268_f99c8d25e3.png', 'image/png', 1739223, 3436, 2670),
  (75, 'Rotisserie-Chickens-in-oven-1-scaled.jpeg', 2, '2025-11-13T11:38:56.471Z', '2025-11-13T11:38:56.471Z', 'https://img.viteedge.com/Rotisserie_Chickens_in_oven_1_scaled_a76fdf1750.jpeg', 'https://img.viteedge.com/thumbnail_Rotisserie_Chickens_in_oven_1_scaled_a76fdf1750.jpeg', 'Rotisserie_Chickens_in_oven_1_scaled_a76fdf1750.jpeg', 'image/jpeg', 565484, 2560, 1707),
  (76, 'TS-MD02 Set.jpg', 15, '2025-11-14T02:09:01.008Z', '2025-11-14T02:09:01.008Z', 'https://img.viteedge.com/TS_MD_02_Set_dbdb97c896.jpg', 'https://img.viteedge.com/thumbnail_TS_MD_02_Set_dbdb97c896.jpg', 'TS_MD_02_Set_dbdb97c896.jpg', 'image/jpeg', 78797, 1562, 1328),
  (77, 'TS Tooling Set.jpg', 15, '2025-11-14T02:09:02.112Z', '2025-11-14T02:09:02.112Z', 'https://img.viteedge.com/TS_Tooling_Set_0af0bce3db.jpg', 'https://img.viteedge.com/thumbnail_TS_Tooling_Set_0af0bce3db.jpg', 'TS_Tooling_Set_0af0bce3db.jpg', 'image/jpeg', 88064, 2717, 834),
  (78, 'TS-ED02 Set.jpg', 15, '2025-11-14T02:09:02.248Z', '2025-11-14T02:09:02.248Z', 'https://img.viteedge.com/TS_ED_02_Set_d1a5255eea.jpg', 'https://img.viteedge.com/thumbnail_TS_ED_02_Set_d1a5255eea.jpg', 'TS_ED_02_Set_d1a5255eea.jpg', 'image/jpeg', 90225, 1584, 1423),
  (79, 'L4F24SCX.jpg', 15, '2025-11-14T02:09:02.573Z', '2025-11-14T02:09:02.573Z', 'https://img.viteedge.com/L4_F24_SCX_841d786eee.jpg', 'https://img.viteedge.com/thumbnail_L4_F24_SCX_841d786eee.jpg', 'L4_F24_SCX_841d786eee.jpg', 'image/jpeg', 147128, 3140, 1012),
  (80, 'L4F24SCX with Proofer Cabinet.jpg', 15, '2025-11-14T02:09:02.687Z', '2025-11-14T02:09:02.687Z', 'https://img.viteedge.com/L4_F24_SCX_with_Proofer_Cabinet_0f5c856f01.jpg', 'https://img.viteedge.com/thumbnail_L4_F24_SCX_with_Proofer_Cabinet_0f5c856f01.jpg', 'L4_F24_SCX_with_Proofer_Cabinet_0f5c856f01.jpg', 'image/jpeg', 146278, 3134, 912),
  (81, '4x25mm Tooling set.jpg', 15, '2025-11-14T02:09:25.778Z', '2025-11-14T02:09:25.778Z', 'https://img.viteedge.com/4x25mm_Tooling_set_ef5d103777.jpg', 'https://img.viteedge.com/thumbnail_4x25mm_Tooling_set_ef5d103777.jpg', '4x25mm_Tooling_set_ef5d103777.jpg', 'image/jpeg', 23542, 1167, 373),
  (82, 'IEDR-LBD4_1.jpg', 15, '2025-11-14T02:10:50.825Z', '2025-11-14T02:09:26.832Z', 'https://img.viteedge.com/LBD_4_1_bf840034a8.jpg', 'https://img.viteedge.com/thumbnail_LBD_4_1_bf840034a8.jpg', 'LBD_4_1_bf840034a8.jpg', 'image/jpeg', 101315, 1806, 1306),
  (83, 'IEDR-LBD4_2.jpg', 15, '2025-11-14T02:10:25.347Z', '2025-11-14T02:09:27.3Z', 'https://img.viteedge.com/LBD_4_2_4030b050b8.jpg', 'https://img.viteedge.com/thumbnail_LBD_4_2_4030b050b8.jpg', 'LBD_4_2_4030b050b8.jpg', 'image/jpeg', 116931, 1862, 1373),
  (84, 'PixPin_2025-11-14_10-21-39.png', 15, '2025-11-14T02:22:55.159Z', '2025-11-14T02:22:55.159Z', 'https://img.viteedge.com/Pix_Pin_2025_11_14_10_21_39_d6f204fa89.png', 'https://img.viteedge.com/thumbnail_Pix_Pin_2025_11_14_10_21_39_d6f204fa89.png', 'Pix_Pin_2025_11_14_10_21_39_d6f204fa89.png', 'image/png', 356874, 927, 688),
  (85, 'IECBO-EOA-61-CMP_PS.png', 22, '2025-11-17T06:22:49.511Z', '2025-11-17T06:22:49.511Z', 'https://img.viteedge.com/IECBO_EOA_61_CMP_PS_f469833a28.png', 'https://img.viteedge.com/thumbnail_IECBO_EOA_61_CMP_PS_f469833a28.png', 'IECBO_EOA_61_CMP_PS_f469833a28.png', 'image/png', 81398, 1554, 1393),
  (86, 'IECBO-EOA-401-CMP_PS.png', 22, '2025-11-17T09:09:20.092Z', '2025-11-17T06:22:51.727Z', 'https://img.viteedge.com/IECBO_EOA_401_CMP_PS_d1e8fccf68.png', 'https://img.viteedge.com/thumbnail_IECBO_EOA_401_CMP_PS_d1e8fccf68.png', 'IECBO_EOA_401_CMP_PS_d1e8fccf68.png', 'image/png', 108257, 1586, 1148),
  (87, 'IECBO-EOA-101-CMP_PS.png', 22, '2025-11-17T06:22:52.423Z', '2025-11-17T06:22:52.423Z', 'https://img.viteedge.com/IECBO_EOA_101_CMP_PS_3e61a01eb3.png', 'https://img.viteedge.com/thumbnail_IECBO_EOA_101_CMP_PS_3e61a01eb3.png', 'IECBO_EOA_101_CMP_PS_3e61a01eb3.png', 'image/png', 189594, 1476, 1431),
  (88, 'IECBO-EOA-201-CMP_PS.png', 22, '2025-11-17T06:22:52.563Z', '2025-11-17T06:22:52.563Z', 'https://img.viteedge.com/IECBO_EOA_201_CMP_PS_af872f8f58.png', 'https://img.viteedge.com/thumbnail_IECBO_EOA_201_CMP_PS_af872f8f58.png', 'IECBO_EOA_201_CMP_PS_af872f8f58.png', 'image/png', 192113, 2302, 1169),
  (89, 'IECBO-EOA-401-CMP.png', 22, '2025-11-17T06:23:06.466Z', '2025-11-17T06:23:06.466Z', 'https://img.viteedge.com/IECBO_EOA_401_CMP_01c15c09c7.png', 'https://img.viteedge.com/thumbnail_IECBO_EOA_401_CMP_01c15c09c7.png', 'IECBO_EOA_401_CMP_01c15c09c7.png', 'image/png', 1183990, 1773, 2364),
  (90, 'IECBO-EOA-101-CMP.png', 22, '2025-11-17T06:23:10.089Z', '2025-11-17T06:23:10.089Z', 'https://img.viteedge.com/IECBO_EOA_101_CMP_06049ca077.png', 'https://img.viteedge.com/thumbnail_IECBO_EOA_101_CMP_06049ca077.png', 'IECBO_EOA_101_CMP_06049ca077.png', 'image/png', 1303736, 2048, 2048),
  (91, 'IECBO-EOA-201-CMP.png', 22, '2025-11-17T06:23:14.041Z', '2025-11-17T06:23:14.041Z', 'https://img.viteedge.com/IECBO_EOA_201_CMP_211d39e0d9.png', 'https://img.viteedge.com/thumbnail_IECBO_EOA_201_CMP_211d39e0d9.png', 'IECBO_EOA_201_CMP_211d39e0d9.png', 'image/png', 1486172, 1536, 2730),
  (92, 'IECBO-EOA-61-AC_PS.png', 22, '2025-11-17T06:23:37.403Z', '2025-11-17T06:23:37.403Z', 'https://img.viteedge.com/IECBO_EOA_61_AC_PS_d52fde0412.png', 'https://img.viteedge.com/thumbnail_IECBO_EOA_61_AC_PS_d52fde0412.png', 'IECBO_EOA_61_AC_PS_d52fde0412.png', 'image/png', 81398, 1554, 1393),
  (93, 'IECBO-EOA-401-AC_PS.png', 22, '2025-11-17T09:09:39.38Z', '2025-11-17T06:23:39.673Z', 'https://img.viteedge.com/IECBO_EOA_401_AC_PS_ad26fa5108.png', 'https://img.viteedge.com/thumbnail_IECBO_EOA_401_AC_PS_ad26fa5108.png', 'IECBO_EOA_401_AC_PS_ad26fa5108.png', 'image/png', 108278, 1586, 1148),
  (94, 'IECBO-EOA-101-AC_PS.png', 22, '2025-11-17T06:23:40.157Z', '2025-11-17T06:23:40.157Z', 'https://img.viteedge.com/IECBO_EOA_101_AC_PS_e24721be8a.png', 'https://img.viteedge.com/thumbnail_IECBO_EOA_101_AC_PS_e24721be8a.png', 'IECBO_EOA_101_AC_PS_e24721be8a.png', 'image/png', 189594, 1476, 1431),
  (95, 'IECBO-EOA-201-AC_PS.png', 22, '2025-11-17T06:23:40.438Z', '2025-11-17T06:23:40.438Z', 'https://img.viteedge.com/IECBO_EOA_201_AC_PS_0129b2c1be.png', 'https://img.viteedge.com/thumbnail_IECBO_EOA_201_AC_PS_0129b2c1be.png', 'IECBO_EOA_201_AC_PS_0129b2c1be.png', 'image/png', 192113, 2302, 1169),
  (96, 'IECBO-EOA-401-AC.png', 22, '2025-11-17T06:23:53.907Z', '2025-11-17T06:23:53.907Z', 'https://img.viteedge.com/IECBO_EOA_401_AC_1dfd799aa6.png', 'https://img.viteedge.com/thumbnail_IECBO_EOA_401_AC_1dfd799aa6.png', 'IECBO_EOA_401_AC_1dfd799aa6.png', 'image/png', 1034701, 1773, 2364),
  (97, 'IECBO-EOA-201-AC.png', 22, '2025-11-17T06:23:58.229Z', '2025-11-17T06:23:58.229Z', 'https://img.viteedge.com/IECBO_EOA_201_AC_9f00253ebf.png', 'https://img.viteedge.com/thumbnail_IECBO_EOA_201_AC_9f00253ebf.png', 'IECBO_EOA_201_AC_9f00253ebf.png', 'image/png', 1164554, 1536, 2730),
  (98, 'IECBO-EOA-101-AC.png', 22, '2025-11-17T06:24:01.392Z', '2025-11-17T06:24:01.392Z', 'https://img.viteedge.com/IECBO_EOA_101_AC_2eaf7c20ca.png', 'https://img.viteedge.com/thumbnail_IECBO_EOA_101_AC_2eaf7c20ca.png', 'IECBO_EOA_101_AC_2eaf7c20ca.png', 'image/png', 1130895, 2048, 2048),
  (99, 'IECBO-EOA-61-CMP.png', 22, '2025-11-17T08:28:09.978Z', '2025-11-17T08:28:09.978Z', 'https://img.viteedge.com/IECBO_EOA_61_CMP_39effa75f5.png', 'https://img.viteedge.com/thumbnail_IECBO_EOA_61_CMP_39effa75f5.png', 'IECBO_EOA_61_CMP_39effa75f5.png', 'image/png', 976435, 2048, 2048),
  (100, 'IECBO-EOA-61-AC.PNG', 22, '2025-11-17T08:28:59.859Z', '2025-11-17T08:28:59.859Z', 'https://img.viteedge.com/IECBO_EOA_61_AC_80fef6d2ba.PNG', 'https://img.viteedge.com/thumbnail_IECBO_EOA_61_AC_80fef6d2ba.PNG', 'IECBO_EOA_61_AC_80fef6d2ba.png', 'image/png', 2890342, 3840, 3488),
  (101, 'IECBO-EOA-41-MP.png', 20, '2025-11-17T09:38:00.023Z', '2025-11-17T09:38:00.023Z', 'https://img.viteedge.com/IECBO_EOA_41_MP_c2cf8c1905.png', 'https://img.viteedge.com/thumbnail_IECBO_EOA_41_MP_c2cf8c1905.png', 'IECBO_EOA_41_MP_c2cf8c1905.png', 'image/png', 985088, 2364, 1773),
  (102, 'IECBOEOA-101-MP.png', 20, '2025-11-17T09:38:00.236Z', '2025-11-17T09:38:00.236Z', 'https://img.viteedge.com/IECBOEOA_101_MP_be546295dc.png', 'https://img.viteedge.com/thumbnail_IECBOEOA_101_MP_be546295dc.png', 'IECBOEOA_101_MP_be546295dc.png', 'image/png', 1105920, 2048, 2048),
  (103, 'IECBO-EOA-61-MP.png', 20, '2025-11-17T09:38:00.517Z', '2025-11-17T09:38:00.517Z', 'https://img.viteedge.com/IECBO_EOA_61_MP_c5b8c81566.png', 'https://img.viteedge.com/thumbnail_IECBO_EOA_61_MP_c5b8c81566.png', 'IECBO_EOA_61_MP_c5b8c81566.png', 'image/png', 1140234, 2364, 1773),
  (104, 'IECBO-EOA-41&61-MX.png', 20, '2025-11-17T10:33:49.073Z', '2025-11-17T09:38:02.326Z', 'https://img.viteedge.com/IECBO_EOA_41_MX_8d81b278a4.png', 'https://img.viteedge.com/thumbnail_IECBO_EOA_41_MX_8d81b278a4.png', 'IECBO_EOA_41_MX_8d81b278a4.png', 'image/png', 1065124, 2364, 1773),
  (105, 'IECBO-EOA-201-SPJ.png', 21, '2025-11-17T10:46:29.111Z', '2025-11-17T10:46:29.111Z', 'https://img.viteedge.com/IECBO_EOA_201_SPJ_7df8ff8b2a.png', 'https://img.viteedge.com/thumbnail_IECBO_EOA_201_SPJ_7df8ff8b2a.png', 'IECBO_EOA_201_SPJ_7df8ff8b2a.png', 'image/png', 1075087, 1672, 2508),
  (106, 'IECBO-EOA-101-SPJ.png', 21, '2025-11-17T10:46:29.231Z', '2025-11-17T10:46:29.231Z', 'https://img.viteedge.com/IECBO_EOA_101_SPJ_32fa65243f.png', 'https://img.viteedge.com/thumbnail_IECBO_EOA_101_SPJ_32fa65243f.png', 'IECBO_EOA_101_SPJ_32fa65243f.png', 'image/png', 1007770, 2048, 2048),
  (107, 'IECBO-EOA-41-SPJ.png', 21, '2025-11-17T10:46:31.281Z', '2025-11-17T10:46:31.281Z', 'https://img.viteedge.com/IECBO_EOA_41_SPJ_1b56c963e0.png', 'https://img.viteedge.com/thumbnail_IECBO_EOA_41_SPJ_1b56c963e0.png', 'IECBO_EOA_41_SPJ_1b56c963e0.png', 'image/png', 1162301, 2048, 2048),
  (108, 'IECBO-EOA-61-SPJ.png', 21, '2025-11-17T10:46:31.8Z', '2025-11-17T10:46:31.8Z', 'https://img.viteedge.com/IECBO_EOA_61_SPJ_1900e41f01.png', 'https://img.viteedge.com/thumbnail_IECBO_EOA_61_SPJ_1900e41f01.png', 'IECBO_EOA_61_SPJ_1900e41f01.png', 'image/png', 1295913, 2048, 2048),
  (109, 'IECBO-EOA-201-SP.jpg', 19, '2025-11-17T11:14:47.039Z', '2025-11-17T11:14:47.039Z', 'https://img.viteedge.com/IECBO_EOA_201_SP_7c8a43bc02.jpg', 'https://img.viteedge.com/thumbnail_IECBO_EOA_201_SP_7c8a43bc02.jpg', 'IECBO_EOA_201_SP_7c8a43bc02.jpg', 'image/jpeg', 143104, 1279, 1730),
  (110, 'IECBO-EOA-61-SP.png', 19, '2025-11-17T11:14:50.102Z', '2025-11-17T11:14:50.102Z', 'https://img.viteedge.com/IECBO_EOA_61_SP_19be30733c.png', 'https://img.viteedge.com/thumbnail_IECBO_EOA_61_SP_19be30733c.png', 'IECBO_EOA_61_SP_19be30733c.png', 'image/png', 625132, 1652, 1405),
  (111, 'IECBO-EOA-41-SP.png', 19, '2025-11-17T11:14:53.11Z', '2025-11-17T11:14:53.11Z', 'https://img.viteedge.com/IECBO_EOA_41_SP_de88c9875a.png', 'https://img.viteedge.com/thumbnail_IECBO_EOA_41_SP_de88c9875a.png', 'IECBO_EOA_41_SP_de88c9875a.png', 'image/png', 895662, 2048, 2048),
  (112, 'IECBO-EOA-101-SP.png', 19, '2025-11-17T11:14:54.325Z', '2025-11-17T11:14:54.325Z', 'https://img.viteedge.com/IECBO_EOA_101_SP_90d913f28c.png', 'https://img.viteedge.com/thumbnail_IECBO_EOA_101_SP_90d913f28c.png', 'IECBO_EOA_101_SP_90d913f28c.png', 'image/png', 1049887, 1945, 1893),
  (113, 'CFB_4,5,6,7.png', 5, '2025-11-17T12:44:24.475Z', '2025-11-17T12:44:24.475Z', 'https://img.viteedge.com/CFB_4_5_6_7_62d24b8225.png', 'https://img.viteedge.com/thumbnail_CFB_4_5_6_7_62d24b8225.png', 'CFB_4_5_6_7_62d24b8225.png', 'image/png', 285512, 2730, 1535),
  (114, 'CF28_2.png', 5, '2025-11-17T12:44:25.191Z', '2025-11-17T12:44:25.191Z', 'https://img.viteedge.com/CF_28_2_c7a2c5a483.png', 'https://img.viteedge.com/thumbnail_CF_28_2_c7a2c5a483.png', 'CF_28_2_c7a2c5a483.png', 'image/png', 195676, 1248, 832),
  (115, 'image.png', NULL, '2025-11-18T07:20:58.365Z', '2025-11-18T07:20:58.365Z', 'https://img.viteedge.com/image_bc991f6b6f.png', 'https://img.viteedge.com/thumbnail_image_bc991f6b6f.png', 'image_bc991f6b6f.png', 'image/png', 104847, 1196, 397),
  (116, 'image.png', NULL, '2025-11-18T07:50:45.294Z', '2025-11-18T07:50:45.294Z', 'https://img.viteedge.com/image_87e6c025b2.png', 'https://img.viteedge.com/thumbnail_image_87e6c025b2.png', 'image_87e6c025b2.png', 'image/png', 55040, 330, 661),
  (117, 'image.png', NULL, '2025-11-18T07:51:09.602Z', '2025-11-18T07:51:09.602Z', 'https://img.viteedge.com/image_884d245e8c.png', 'https://img.viteedge.com/thumbnail_image_884d245e8c.png', 'image_884d245e8c.png', 'image/png', 62188, 382, 733),
  (118, 'image.png', NULL, '2025-11-18T07:51:35.061Z', '2025-11-18T07:51:35.061Z', 'https://img.viteedge.com/image_fbabf967b9.png', 'https://img.viteedge.com/thumbnail_image_fbabf967b9.png', 'image_fbabf967b9.png', 'image/png', 76954, 416, 885),
  (119, 'image.png', NULL, '2025-11-18T07:52:00.745Z', '2025-11-18T07:52:00.745Z', 'https://img.viteedge.com/image_f8d2013e95.png', 'https://img.viteedge.com/thumbnail_image_f8d2013e95.png', 'image_f8d2013e95.png', 'image/png', 76749, 431, 929),
  (120, '4kcc0d3f0e7cc-6588-3b02-9b31-6bdea7364834.jpg', NULL, '2025-12-10T03:57:55.973Z', '2025-12-10T03:57:55.973Z', 'https://img.viteedge.com/4kcc0d3f0e7cc_6588_3b02_9b31_6bdea7364834_eaedd2d0b2.jpg', 'https://img.viteedge.com/thumbnail_4kcc0d3f0e7cc_6588_3b02_9b31_6bdea7364834_eaedd2d0b2.jpg', '4kcc0d3f0e7cc_6588_3b02_9b31_6bdea7364834_eaedd2d0b2.jpg', 'image/jpeg', 105718, 1275, 534)
ON CONFLICT(id) DO UPDATE SET
  alt = excluded.alt,
  folder_id = excluded.folder_id,
  updated_at = excluded.updated_at,
  created_at = excluded.created_at,
  url = excluded.url,
  thumbnail_u_r_l = excluded.thumbnail_u_r_l,
  filename = excluded.filename,
  mime_type = excluded.mime_type,
  filesize = excluded.filesize,
  width = excluded.width,
  height = excluded.height;
