-- Generated from dump2.sql (PostgreSQL)
-- Scope: media files + folder hierarchy
-- Source counts: 49 folders, 357 files
-- Notes:
-- 1) IDs keep Strapi source IDs to preserve relation integrity.
-- 2) folder_id is resolved via files_folder_lnk.
-- 3) filesize is converted from Strapi `size` (KB) to bytes.
-- 4) Intentionally no explicit BEGIN/COMMIT for Cloudflare D1 execution compatibility.

-- 1) Upsert folder tree into payload_folders
INSERT INTO payload_folders (
  id,
  name,
  folder_id,
  updated_at,
  created_at
)
VALUES
  (1, 'Cooking Equipment', NULL, '2025-11-18T04:50:01.172Z', '2025-11-18T04:50:01.172Z'),
  (19, 'Bakery Range', NULL, '2025-11-25T07:15:14.114Z', '2025-11-25T07:15:14.114Z'),
  (30, 'Snack Range', NULL, '2025-11-27T08:59:23.49Z', '2025-11-27T08:59:23.49Z'),
  (36, 'Index', NULL, '2025-12-01T13:36:42.716Z', '2025-12-01T13:36:42.716Z'),
  (3, 'Commercial Combination Oven', 1, '2025-11-18T12:00:03.859Z', '2025-11-18T12:00:03.859Z'),
  (8, 'Commercial Gas Equipment', 1, '2025-11-20T02:15:41.609Z', '2025-11-20T02:15:41.609Z'),
  (16, 'Commercial Electric Equipment', 1, '2025-11-20T03:59:54.411Z', '2025-11-20T03:59:54.411Z'),
  (20, 'Conveyor Toaster', 19, '2025-11-25T07:15:34.05Z', '2025-11-25T07:15:34.05Z'),
  (21, 'Slice Toaster', 19, '2025-11-25T07:15:44.431Z', '2025-11-25T07:15:44.431Z'),
  (22, 'Modular Range', 1, '2025-11-27T02:56:17.362Z', '2025-11-27T02:56:17.362Z'),
  (27, 'Countertop Griddle', 1, '2025-11-27T07:35:59.107Z', '2025-11-27T07:35:59.107Z'),
  (31, 'Crepe Machine', 30, '2025-11-27T08:59:39.593Z', '2025-11-27T08:59:39.593Z'),
  (32, 'Waffle Maker', 30, '2025-11-27T08:59:51.084Z', '2025-11-27T08:59:51.084Z'),
  (33, 'Panini Pressing grill', 30, '2025-11-28T01:27:19.693Z', '2025-11-28T01:27:19.693Z'),
  (34, 'Popcorn Machine', 30, '2025-11-28T07:30:06.174Z', '2025-11-28T07:30:06.174Z'),
  (35, 'Commercial Convection Oven', 1, '2025-12-01T09:04:28.196Z', '2025-12-01T09:04:28.196Z'),
  (37, 'Cholote HEAT PRESERVATION MACHINE', 30, '2025-12-02T06:06:27.261Z', '2025-12-02T06:06:27.261Z'),
  (38, 'Electric Funnel Cake Fryer', 30, '2025-12-02T06:14:02.606Z', '2025-12-02T06:14:02.606Z'),
  (39, 'Cholote Filling Machine', 30, '2025-12-02T06:14:58.043Z', '2025-12-02T06:14:58.043Z'),
  (40, 'Gas Funnel Cake Fryer', 30, '2025-12-02T06:15:43.037Z', '2025-12-02T06:15:43.037Z'),
  (41, 'Cholote Coating Machine', 30, '2025-12-02T06:16:39.109Z', '2025-12-02T06:16:39.109Z'),
  (42, '(Candy Floss Machines)Marshmallow Machine', 30, '2025-12-02T06:17:50.88Z', '2025-12-02T06:17:50.88Z'),
  (43, 'Chocolate fountain machine', 30, '2025-12-02T06:18:40.918Z', '2025-12-02T06:18:40.918Z'),
  (44, 'Gas Doughnut Robot', 30, '2025-12-02T06:19:22.353Z', '2025-12-02T06:19:22.353Z'),
  (45, 'You tiao ji', 30, '2025-12-02T06:20:17.133Z', '2025-12-02T06:20:17.133Z'),
  (46, 'Electric Doughnut Robot', 30, '2025-12-02T06:46:04.953Z', '2025-12-02T06:46:04.953Z'),
  (4, 'Professional Series', 3, '2025-11-18T12:00:22.933Z', '2025-11-18T12:00:22.933Z'),
  (5, 'Economic Series', 3, '2025-11-18T12:00:33.75Z', '2025-11-18T12:00:33.75Z'),
  (6, 'Basic Series', 3, '2025-11-18T12:00:44.083Z', '2025-11-18T12:00:44.083Z'),
  (7, 'Mechanical Series', 3, '2025-11-18T12:01:00.503Z', '2025-11-18T12:01:00.503Z'),
  (9, 'Gas Fryer', 8, '2025-11-20T02:16:03.601Z', '2025-11-20T02:16:03.601Z'),
  (10, 'Gas burners with oven', 8, '2025-11-20T02:16:43.335Z', '2025-11-20T02:16:43.335Z'),
  (11, 'Gas hotplate', 8, '2025-11-20T02:17:20.492Z', '2025-11-20T02:17:20.492Z'),
  (12, 'Gas stockpot', 8, '2025-11-20T02:17:39.04Z', '2025-11-20T02:17:39.04Z'),
  (13, 'Gas lava rock & radiant broiler', 8, '2025-11-21T03:05:31.085Z', '2025-11-20T02:22:07.139Z'),
  (15, 'Gas griddle', 8, '2025-11-20T02:23:02.947Z', '2025-11-20T02:23:02.947Z'),
  (17, 'Gas convection oven', 8, '2025-11-21T03:47:38.377Z', '2025-11-20T04:03:33.299Z'),
  (18, 'Electric Convection Oven', 16, '2025-11-20T04:08:03.486Z', '2025-11-20T04:08:03.486Z'),
  (23, 'Modular Gas Floorstanding', 22, '2025-11-27T02:56:54.404Z', '2025-11-27T02:56:54.404Z'),
  (24, 'Modular Gas Countertop', 22, '2025-11-27T02:57:19.204Z', '2025-11-27T02:57:19.204Z'),
  (25, 'Modular Electric Countertop', 22, '2025-11-27T02:57:32.205Z', '2025-11-27T02:57:32.205Z'),
  (26, 'Modular Electric Floorstanding', 22, '2025-11-27T02:58:04.005Z', '2025-11-27T02:58:04.005Z'),
  (28, 'Gas griddle', 27, '2025-11-27T07:36:18.289Z', '2025-11-27T07:36:18.289Z'),
  (29, 'Electric griddle', 27, '2025-11-27T07:36:38.602Z', '2025-11-27T07:36:38.602Z'),
  (47, 'L4F24SCX', 46, '2025-12-02T06:46:42.061Z', '2025-12-02T06:46:42.061Z'),
  (48, 'LBD4', 46, '2025-12-02T06:46:54.674Z', '2025-12-02T06:46:54.674Z'),
  (49, 'LBD6', 46, '2025-12-02T06:47:04.123Z', '2025-12-02T06:47:04.123Z'),
  (50, 'T Series', 46, '2025-12-02T06:47:13.013Z', '2025-12-02T06:47:13.013Z'),
  (51, 'TS Series', 46, '2025-12-02T06:47:23.289Z', '2025-12-02T06:47:23.289Z')
ON CONFLICT(id) DO UPDATE SET
  name = excluded.name,
  folder_id = excluded.folder_id,
  updated_at = excluded.updated_at,
  created_at = excluded.created_at;

-- 2) Mark all imported folders as media type
INSERT INTO payload_folders_folder_type (
  id,
  "order",
  parent_id,
  value
)
VALUES
  (1, 1, 1, 'media'),
  (19, 1, 19, 'media'),
  (30, 1, 30, 'media'),
  (36, 1, 36, 'media'),
  (3, 1, 3, 'media'),
  (8, 1, 8, 'media'),
  (16, 1, 16, 'media'),
  (20, 1, 20, 'media'),
  (21, 1, 21, 'media'),
  (22, 1, 22, 'media'),
  (27, 1, 27, 'media'),
  (31, 1, 31, 'media'),
  (32, 1, 32, 'media'),
  (33, 1, 33, 'media'),
  (34, 1, 34, 'media'),
  (35, 1, 35, 'media'),
  (37, 1, 37, 'media'),
  (38, 1, 38, 'media'),
  (39, 1, 39, 'media'),
  (40, 1, 40, 'media'),
  (41, 1, 41, 'media'),
  (42, 1, 42, 'media'),
  (43, 1, 43, 'media'),
  (44, 1, 44, 'media'),
  (45, 1, 45, 'media'),
  (46, 1, 46, 'media'),
  (4, 1, 4, 'media'),
  (5, 1, 5, 'media'),
  (6, 1, 6, 'media'),
  (7, 1, 7, 'media'),
  (9, 1, 9, 'media'),
  (10, 1, 10, 'media'),
  (11, 1, 11, 'media'),
  (12, 1, 12, 'media'),
  (13, 1, 13, 'media'),
  (15, 1, 15, 'media'),
  (17, 1, 17, 'media'),
  (18, 1, 18, 'media'),
  (23, 1, 23, 'media'),
  (24, 1, 24, 'media'),
  (25, 1, 25, 'media'),
  (26, 1, 26, 'media'),
  (28, 1, 28, 'media'),
  (29, 1, 29, 'media'),
  (47, 1, 47, 'media'),
  (48, 1, 48, 'media'),
  (49, 1, 49, 'media'),
  (50, 1, 50, 'media'),
  (51, 1, 51, 'media')
ON CONFLICT(id) DO UPDATE SET
  "order" = excluded."order",
  parent_id = excluded.parent_id,
  value = excluded.value;

-- 3) Upsert media rows
INSERT INTO media (
  id,
  alt,
  folder_id,
  updated_at,
  created_at,
  url,
  thumbnail_u_r_l,
  filename,
  mime_type,
  filesize,
  width,
  height
)
VALUES
  (4, 'Griddle_2', 15, '2025-11-26T02:29:49.595Z', '2025-11-20T02:25:32.277Z', 'https://kitchen-utensils.s3.ap-southeast-1.amazonaws.com/IMG_9936_41691527fe.jpg', 'https://kitchen-utensils.s3.ap-southeast-1.amazonaws.com/thumbnail_IMG_9936_41691527fe.jpg', 'IMG_9936_41691527fe.jpg', 'image/jpeg', 41329, 1067, 800),
  (40, 'XZL-PG-60', 15, '2025-11-26T02:16:01.429Z', '2025-11-20T04:10:59.483Z', 'https://kitchen-utensils.s3.ap-southeast-1.amazonaws.com/HSD_PG_60_e084259b91.png', 'https://kitchen-utensils.s3.ap-southeast-1.amazonaws.com/thumbnail_HSD_PG_60_e084259b91.png', 'HSD_PG_60_e084259b91.png', 'image/jpeg', 58214, 1421, 800),
  (41, 'XZL-PG-24', 15, '2025-11-26T02:15:27.693Z', '2025-11-20T04:10:59.487Z', 'https://kitchen-utensils.s3.ap-southeast-1.amazonaws.com/HSD_PG_24_72235e0d31.png', 'https://kitchen-utensils.s3.ap-southeast-1.amazonaws.com/thumbnail_HSD_PG_24_72235e0d31.png', 'HSD_PG_24_72235e0d31.png', 'image/jpeg', 61164, 1423, 800),
  (42, 'XZL-PG-48', 15, '2025-11-26T02:14:51.65Z', '2025-11-20T04:10:59.754Z', 'https://kitchen-utensils.s3.ap-southeast-1.amazonaws.com/HSD_PG_48_ce928f5803.png', 'https://kitchen-utensils.s3.ap-southeast-1.amazonaws.com/thumbnail_HSD_PG_48_ce928f5803.png', 'HSD_PG_48_ce928f5803.png', 'image/jpeg', 60068, 1424, 800),
  (44, 'XZL-PG-36', 15, '2025-11-26T02:14:58.53Z', '2025-11-20T04:22:04.567Z', 'https://kitchen-utensils.s3.ap-southeast-1.amazonaws.com/HSD_PG_36_078c3bd306.png', 'https://kitchen-utensils.s3.ap-southeast-1.amazonaws.com/thumbnail_HSD_PG_36_078c3bd306.png', 'HSD_PG_36_078c3bd306.png', 'image/jpeg', 67727, 1422, 800),
  (72, 'commercial fryer.png', 9, '2025-11-20T13:48:05.364Z', '2025-11-20T13:48:05.364Z', 'https://kitchen-utensils.s3.ap-southeast-1.amazonaws.com/commercial_fryer_e32f15fee1.png', 'https://kitchen-utensils.s3.ap-southeast-1.amazonaws.com/thumbnail_commercial_fryer_e32f15fee1.png', 'commercial_fryer_e32f15fee1.png', 'image/png', 199332, 683, 546),
  (75, 'image.png', NULL, '2025-11-24T06:53:58.198Z', '2025-11-24T06:53:58.198Z', 'https://kitchen-utensils.s3.ap-southeast-1.amazonaws.com/image_ed33992f5b.png', 'https://kitchen-utensils.s3.ap-southeast-1.amazonaws.com/thumbnail_image_ed33992f5b.png', 'image_ed33992f5b.png', 'image/png', 24269, 273, 388),
  (76, 'image.png', NULL, '2025-11-24T07:40:08.731Z', '2025-11-24T07:40:08.731Z', 'https://kitchen-utensils.s3.ap-southeast-1.amazonaws.com/image_d1739caaa4.png', 'https://kitchen-utensils.s3.ap-southeast-1.amazonaws.com/thumbnail_image_d1739caaa4.png', 'image_d1739caaa4.png', 'image/png', 19026, 216, 241),
  (77, 'image.png', NULL, '2025-11-24T07:40:27.275Z', '2025-11-24T07:40:27.275Z', 'https://kitchen-utensils.s3.ap-southeast-1.amazonaws.com/image_081ea87688.png', 'https://kitchen-utensils.s3.ap-southeast-1.amazonaws.com/thumbnail_image_081ea87688.png', 'image_081ea87688.png', 'image/png', 11182, 161, 235),
  (78, 'image.png', NULL, '2025-11-24T07:40:48.636Z', '2025-11-24T07:40:48.636Z', 'https://kitchen-utensils.s3.ap-southeast-1.amazonaws.com/image_b55ba7048e.png', 'https://kitchen-utensils.s3.ap-southeast-1.amazonaws.com/thumbnail_image_b55ba7048e.png', 'image_b55ba7048e.png', 'image/png', 16425, 214, 237),
  (79, 'image.png', NULL, '2025-11-24T07:49:57.651Z', '2025-11-24T07:49:57.651Z', 'https://kitchen-utensils.s3.ap-southeast-1.amazonaws.com/image_ceffeff2d5.png', 'https://kitchen-utensils.s3.ap-southeast-1.amazonaws.com/thumbnail_image_ceffeff2d5.png', 'image_ceffeff2d5.png', 'image/png', 12493, 171, 277),
  (80, 'image.png', NULL, '2025-11-24T07:50:21.194Z', '2025-11-24T07:50:21.194Z', 'https://kitchen-utensils.s3.ap-southeast-1.amazonaws.com/image_d43184b655.png', 'https://kitchen-utensils.s3.ap-southeast-1.amazonaws.com/thumbnail_image_d43184b655.png', 'image_d43184b655.png', 'image/png', 21975, 239, 276),
  (81, 'image.png', NULL, '2025-11-24T07:50:43.803Z', '2025-11-24T07:50:43.803Z', 'https://kitchen-utensils.s3.ap-southeast-1.amazonaws.com/image_15b712c3fe.png', 'https://kitchen-utensils.s3.ap-southeast-1.amazonaws.com/thumbnail_image_15b712c3fe.png', 'image_15b712c3fe.png', 'image/png', 12718, 145, 270),
  (82, 'image.png', NULL, '2025-11-24T07:51:01.133Z', '2025-11-24T07:51:01.133Z', 'https://kitchen-utensils.s3.ap-southeast-1.amazonaws.com/image_79bd52dd89.png', 'https://kitchen-utensils.s3.ap-southeast-1.amazonaws.com/thumbnail_image_79bd52dd89.png', 'image_79bd52dd89.png', 'image/png', 24064, 258, 280),
  (89, 'image.png', NULL, '2025-11-24T07:58:16.68Z', '2025-11-24T07:58:16.68Z', 'https://kitchen-utensils.s3.ap-southeast-1.amazonaws.com/image_045faafdaf.png', 'https://kitchen-utensils.s3.ap-southeast-1.amazonaws.com/thumbnail_image_045faafdaf.png', 'image_045faafdaf.png', 'image/png', 10394, 188, 269),
  (90, 'image.png', NULL, '2025-11-24T07:58:31.295Z', '2025-11-24T07:58:31.295Z', 'https://kitchen-utensils.s3.ap-southeast-1.amazonaws.com/image_faa5d869b9.png', 'https://kitchen-utensils.s3.ap-southeast-1.amazonaws.com/thumbnail_image_faa5d869b9.png', 'image_faa5d869b9.png', 'image/png', 18227, 239, 260),
  (91, 'image.png', NULL, '2025-11-24T07:58:45.797Z', '2025-11-24T07:58:45.797Z', 'https://kitchen-utensils.s3.ap-southeast-1.amazonaws.com/image_1da14d61d9.png', 'https://kitchen-utensils.s3.ap-southeast-1.amazonaws.com/thumbnail_image_1da14d61d9.png', 'image_1da14d61d9.png', 'image/png', 10824, 185, 257),
  (92, 'image.png', NULL, '2025-11-24T07:59:03.248Z', '2025-11-24T07:59:03.248Z', 'https://kitchen-utensils.s3.ap-southeast-1.amazonaws.com/image_71ab39a5b7.png', 'https://kitchen-utensils.s3.ap-southeast-1.amazonaws.com/thumbnail_image_71ab39a5b7.png', 'image_71ab39a5b7.png', 'image/png', 21105, 228, 265),
  (94, 'image.png', NULL, '2025-11-24T07:59:14.553Z', '2025-11-24T07:59:14.553Z', 'https://kitchen-utensils.s3.ap-southeast-1.amazonaws.com/image_0231d6117c.png', 'https://kitchen-utensils.s3.ap-southeast-1.amazonaws.com/thumbnail_image_0231d6117c.png', 'image_0231d6117c.png', 'image/png', 21105, 228, 265),
  (98, 'image.png', NULL, '2025-11-24T08:07:56.922Z', '2025-11-24T08:07:56.922Z', 'https://kitchen-utensils.s3.ap-southeast-1.amazonaws.com/image_6c3bdf6134.png', 'https://kitchen-utensils.s3.ap-southeast-1.amazonaws.com/thumbnail_image_6c3bdf6134.png', 'image_6c3bdf6134.png', 'image/png', 13804, 181, 310),
  (99, 'image.png', NULL, '2025-11-24T08:08:11.37Z', '2025-11-24T08:08:11.37Z', 'https://kitchen-utensils.s3.ap-southeast-1.amazonaws.com/image_4335dfbd60.png', 'https://kitchen-utensils.s3.ap-southeast-1.amazonaws.com/thumbnail_image_4335dfbd60.png', 'image_4335dfbd60.png', 'image/png', 16302, 175, 318),
  (100, 'image.png', NULL, '2025-11-24T08:08:20.959Z', '2025-11-24T08:08:20.959Z', 'https://kitchen-utensils.s3.ap-southeast-1.amazonaws.com/image_fe4aa00713.png', 'https://kitchen-utensils.s3.ap-southeast-1.amazonaws.com/thumbnail_image_fe4aa00713.png', 'image_fe4aa00713.png', 'image/png', 16087, 159, 305),
  (102, 'image.png', NULL, '2025-11-24T08:08:33.036Z', '2025-11-24T08:08:33.036Z', 'https://kitchen-utensils.s3.ap-southeast-1.amazonaws.com/image_b296ef24d2.png', 'https://kitchen-utensils.s3.ap-southeast-1.amazonaws.com/thumbnail_image_b296ef24d2.png', 'image_b296ef24d2.png', 'image/png', 15708, 177, 327),
  (127, 'image.png', NULL, '2025-11-25T00:56:33.958Z', '2025-11-25T00:56:33.958Z', 'https://kitchen-utensils.s3.ap-southeast-1.amazonaws.com/image_3c861ff753.png', 'https://kitchen-utensils.s3.ap-southeast-1.amazonaws.com/thumbnail_image_3c861ff753.png', 'image_3c861ff753.png', 'image/png', 12872, 153, 260),
  (128, 'image.png', NULL, '2025-11-25T00:56:58.684Z', '2025-11-25T00:56:58.684Z', 'https://kitchen-utensils.s3.ap-southeast-1.amazonaws.com/image_da46bf2e55.png', 'https://kitchen-utensils.s3.ap-southeast-1.amazonaws.com/thumbnail_image_da46bf2e55.png', 'image_da46bf2e55.png', 'image/png', 12534, 141, 267),
  (129, 'image.png', NULL, '2025-11-25T00:57:17.397Z', '2025-11-25T00:57:17.397Z', 'https://kitchen-utensils.s3.ap-southeast-1.amazonaws.com/image_d9c1bc3025.png', 'https://kitchen-utensils.s3.ap-southeast-1.amazonaws.com/thumbnail_image_d9c1bc3025.png', 'image_d9c1bc3025.png', 'image/png', 21002, 225, 261),
  (130, 'image.png', NULL, '2025-11-25T00:57:35.657Z', '2025-11-25T00:57:35.657Z', 'https://kitchen-utensils.s3.ap-southeast-1.amazonaws.com/image_2465e4ef5e.png', 'https://kitchen-utensils.s3.ap-southeast-1.amazonaws.com/thumbnail_image_2465e4ef5e.png', 'image_2465e4ef5e.png', 'image/png', 11100, 146, 242),
  (172, 'FM.jpg', 22, '2025-11-25T05:44:15.308Z', '2025-11-25T05:44:15.308Z', 'https://kitchen-utensils.s3.ap-southeast-1.amazonaws.com/FM_4deff240e3.jpg', 'https://kitchen-utensils.s3.ap-southeast-1.amazonaws.com/thumbnail_FM_4deff240e3.jpg', 'FM_4deff240e3.jpg', 'image/jpeg', 314829, 3159, 1777),
  (173, 'CME.jpg', 22, '2025-11-25T06:05:45.491Z', '2025-11-25T06:05:45.491Z', 'https://kitchen-utensils.s3.ap-southeast-1.amazonaws.com/CME_fb0e6e5f11.jpg', 'https://kitchen-utensils.s3.ap-southeast-1.amazonaws.com/thumbnail_CME_fb0e6e5f11.jpg', 'CME_fb0e6e5f11.jpg', 'image/jpeg', 146575, 2249, 1265),
  (174, 'CMG.jpg', 22, '2025-11-25T06:05:45.811Z', '2025-11-25T06:05:45.811Z', 'https://kitchen-utensils.s3.ap-southeast-1.amazonaws.com/CMG_4af04dfb72.jpg', 'https://kitchen-utensils.s3.ap-southeast-1.amazonaws.com/thumbnail_CMG_4af04dfb72.jpg', 'CMG_4af04dfb72.jpg', 'image/jpeg', 161628, 2540, 1429),
  (190, 'Rear Side.jpg', 20, '2025-11-25T09:34:28.298Z', '2025-11-25T09:34:28.298Z', 'https://kitchen-utensils.s3.ap-southeast-1.amazonaws.com/Rear_Side_9168a8524e.jpg', 'https://kitchen-utensils.s3.ap-southeast-1.amazonaws.com/thumbnail_Rear_Side_9168a8524e.jpg', 'Rear_Side_9168a8524e.jpg', 'image/jpeg', 25498, 786, 544),
  (191, 'TT150.jpg', 20, '2025-11-25T09:34:29.069Z', '2025-11-25T09:34:29.069Z', 'https://kitchen-utensils.s3.ap-southeast-1.amazonaws.com/TT_150_ff263fb21c.jpg', 'https://kitchen-utensils.s3.ap-southeast-1.amazonaws.com/thumbnail_TT_150_ff263fb21c.jpg', 'TT_150_ff263fb21c.jpg', 'image/jpeg', 45005, 1422, 800),
  (192, 'TT300.jpg', 20, '2025-11-25T09:34:29.268Z', '2025-11-25T09:34:29.268Z', 'https://kitchen-utensils.s3.ap-southeast-1.amazonaws.com/TT_300_c9724aaec7.jpg', 'https://kitchen-utensils.s3.ap-southeast-1.amazonaws.com/thumbnail_TT_300_c9724aaec7.jpg', 'TT_300_c9724aaec7.jpg', 'image/jpeg', 43305, 1422, 800),
  (194, 'TT300C3.jpg', 20, '2025-11-25T09:34:29.709Z', '2025-11-25T09:34:29.709Z', 'https://kitchen-utensils.s3.ap-southeast-1.amazonaws.com/TT_300_C3_2168b708d0.jpg', 'https://kitchen-utensils.s3.ap-southeast-1.amazonaws.com/thumbnail_TT_300_C3_2168b708d0.jpg', 'TT_300_C3_2168b708d0.jpg', 'image/jpeg', 52111, 1422, 800),
  (195, 'TT300B.jpg', 20, '2025-11-25T09:34:29.723Z', '2025-11-25T09:34:29.723Z', 'https://kitchen-utensils.s3.ap-southeast-1.amazonaws.com/TT_300_B_9182f9f9c2.jpg', 'https://kitchen-utensils.s3.ap-southeast-1.amazonaws.com/thumbnail_TT_300_B_9182f9f9c2.jpg', 'TT_300_B_9182f9f9c2.jpg', 'image/jpeg', 49449, 1422, 800),
  (196, 'TT450.jpg', 20, '2025-11-25T09:34:29.732Z', '2025-11-25T09:34:29.732Z', 'https://kitchen-utensils.s3.ap-southeast-1.amazonaws.com/TT_450_9a1b465ae0.jpg', 'https://kitchen-utensils.s3.ap-southeast-1.amazonaws.com/thumbnail_TT_450_9a1b465ae0.jpg', 'TT_450_9a1b465ae0.jpg', 'image/jpeg', 51425, 1422, 800),
  (197, 'TT300C.jpg', 20, '2025-11-25T09:34:29.797Z', '2025-11-25T09:34:29.797Z', 'https://kitchen-utensils.s3.ap-southeast-1.amazonaws.com/TT_300_C_8f7dbecd2d.jpg', 'https://kitchen-utensils.s3.ap-southeast-1.amazonaws.com/thumbnail_TT_300_C_8f7dbecd2d.jpg', 'TT_300_C_8f7dbecd2d.jpg', 'image/jpeg', 53524, 1422, 800),
  (198, 'TT300R.jpg', 20, '2025-11-25T09:34:29.961Z', '2025-11-25T09:34:29.961Z', 'https://kitchen-utensils.s3.ap-southeast-1.amazonaws.com/TT_300_R_e7746861d7.jpg', 'https://kitchen-utensils.s3.ap-southeast-1.amazonaws.com/thumbnail_TT_300_R_e7746861d7.jpg', 'TT_300_R_e7746861d7.jpg', 'image/jpeg', 62853, 1422, 800),
  (199, 'low side.png', 20, '2025-11-25T09:35:33.089Z', '2025-11-25T09:35:33.089Z', 'https://kitchen-utensils.s3.ap-southeast-1.amazonaws.com/low_side_9bdbf01d09.png', 'https://kitchen-utensils.s3.ap-southeast-1.amazonaws.com/thumbnail_low_side_9bdbf01d09.png', 'low_side_9bdbf01d09.png', 'image/png', 8977613, 6720, 4480),
  (200, 'Front Side.JPG', 20, '2025-11-25T09:37:05.385Z', '2025-11-25T09:37:05.385Z', 'https://kitchen-utensils.s3.ap-southeast-1.amazonaws.com/Front_Side_0693ca0913.JPG', 'https://kitchen-utensils.s3.ap-southeast-1.amazonaws.com/thumbnail_Front_Side_0693ca0913.JPG', 'Front_Side_0693ca0913.JPG', 'image/jpeg', 58604, 799, 530),
  (201, 'ST-6A.jpg', 21, '2025-11-25T10:08:15.833Z', '2025-11-25T10:08:15.833Z', 'https://kitchen-utensils.s3.ap-southeast-1.amazonaws.com/ST_6_A_27a8f2a4db.jpg', 'https://kitchen-utensils.s3.ap-southeast-1.amazonaws.com/thumbnail_ST_6_A_27a8f2a4db.jpg', 'ST_6_A_27a8f2a4db.jpg', 'image/jpeg', 46725, 1422, 800),
  (202, 'ST-6.jpg', 21, '2025-11-25T10:08:15.856Z', '2025-11-25T10:08:15.856Z', 'https://kitchen-utensils.s3.ap-southeast-1.amazonaws.com/ST_6_0cfea75120.jpg', 'https://kitchen-utensils.s3.ap-southeast-1.amazonaws.com/thumbnail_ST_6_0cfea75120.jpg', 'ST_6_0cfea75120.jpg', 'image/jpeg', 39895, 1422, 800),
  (203, 'ST-4A.jpg', 21, '2025-11-25T10:08:16.008Z', '2025-11-25T10:08:16.008Z', 'https://kitchen-utensils.s3.ap-southeast-1.amazonaws.com/ST_4_A_9f440f57d7.jpg', 'https://kitchen-utensils.s3.ap-southeast-1.amazonaws.com/thumbnail_ST_4_A_9f440f57d7.jpg', 'ST_4_A_9f440f57d7.jpg', 'image/jpeg', 51446, 1422, 800),
  (204, 'ST_corner.jpg', 21, '2025-11-25T10:17:29.035Z', '2025-11-25T10:17:29.035Z', 'https://kitchen-utensils.s3.ap-southeast-1.amazonaws.com/ST_corner_557dcfb153.jpg', 'https://kitchen-utensils.s3.ap-southeast-1.amazonaws.com/thumbnail_ST_corner_557dcfb153.jpg', 'ST_corner_557dcfb153.jpg', 'image/jpeg', 39700, 800, 800),
  (205, '7N5A3585.JPG', 21, '2025-11-25T10:17:29.969Z', '2025-11-25T10:17:29.969Z', 'https://kitchen-utensils.s3.ap-southeast-1.amazonaws.com/7_N5_A3585_5b995be870.JPG', 'https://kitchen-utensils.s3.ap-southeast-1.amazonaws.com/thumbnail_7_N5_A3585_5b995be870.JPG', '7_N5_A3585_5b995be870.JPG', 'image/jpeg', 80957, 1200, 800),
  (206, 'ST-top.jpg', 21, '2025-11-25T10:17:30.1Z', '2025-11-25T10:17:30.1Z', 'https://kitchen-utensils.s3.ap-southeast-1.amazonaws.com/ST_top_1e580dac00.jpg', 'https://kitchen-utensils.s3.ap-southeast-1.amazonaws.com/thumbnail_ST_top_1e580dac00.jpg', 'ST_top_1e580dac00.jpg', 'image/jpeg', 79196, 1204, 800),
  (208, 'ST-6AB.jpg', 21, '2025-11-25T10:26:22.209Z', '2025-11-25T10:26:22.209Z', 'https://kitchen-utensils.s3.ap-southeast-1.amazonaws.com/ST_6_AB_009948539d.jpg', 'https://kitchen-utensils.s3.ap-southeast-1.amazonaws.com/thumbnail_ST_6_AB_009948539d.jpg', 'ST_6_AB_009948539d.jpg', 'image/jpeg', 66058, 1422, 800),
  (210, 'Griddle_1.jpg', 15, '2025-11-26T02:30:03.953Z', '2025-11-26T02:30:03.953Z', 'https://kitchen-utensils.s3.ap-southeast-1.amazonaws.com/Griddle_1_e173ca5623.jpg', 'https://kitchen-utensils.s3.ap-southeast-1.amazonaws.com/thumbnail_Griddle_1_e173ca5623.jpg', 'Griddle_1_e173ca5623.jpg', 'image/jpeg', 56463, 1067, 800),
  (211, 'XZL-SG-60.jpg', 13, '2025-11-26T02:34:49.874Z', '2025-11-26T02:34:49.874Z', 'https://kitchen-utensils.s3.ap-southeast-1.amazonaws.com/XZL_SG_60_ea2ac6939f.jpg', 'https://kitchen-utensils.s3.ap-southeast-1.amazonaws.com/thumbnail_XZL_SG_60_ea2ac6939f.jpg', 'XZL_SG_60_ea2ac6939f.jpg', 'image/jpeg', 96082, 1422, 800),
  (212, 'XZL-SG-48.jpg', 13, '2025-11-26T02:34:49.949Z', '2025-11-26T02:34:49.949Z', 'https://kitchen-utensils.s3.ap-southeast-1.amazonaws.com/XZL_SG_48_a810377668.jpg', 'https://kitchen-utensils.s3.ap-southeast-1.amazonaws.com/thumbnail_XZL_SG_48_a810377668.jpg', 'XZL_SG_48_a810377668.jpg', 'image/jpeg', 96061, 1422, 800),
  (213, 'XZL-SG-14.jpg', 13, '2025-11-26T02:34:50.074Z', '2025-11-26T02:34:50.074Z', 'https://kitchen-utensils.s3.ap-southeast-1.amazonaws.com/XZL_SG_14_b3dca249d2.jpg', 'https://kitchen-utensils.s3.ap-southeast-1.amazonaws.com/thumbnail_XZL_SG_14_b3dca249d2.jpg', 'XZL_SG_14_b3dca249d2.jpg', 'image/jpeg', 97669, 1423, 800),
  (214, 'XZL-SG-24.jpg', 13, '2025-11-26T02:34:50.076Z', '2025-11-26T02:34:50.076Z', 'https://kitchen-utensils.s3.ap-southeast-1.amazonaws.com/XZL_SG_24_6d680b03a1.jpg', 'https://kitchen-utensils.s3.ap-southeast-1.amazonaws.com/thumbnail_XZL_SG_24_6d680b03a1.jpg', 'XZL_SG_24_6d680b03a1.jpg', 'image/jpeg', 100413, 1422, 800),
  (215, 'XZL-SG-36.jpg', 13, '2025-11-26T02:34:50.103Z', '2025-11-26T02:34:50.103Z', 'https://kitchen-utensils.s3.ap-southeast-1.amazonaws.com/XZL_SG_36_bbbd2e92db.jpg', 'https://kitchen-utensils.s3.ap-southeast-1.amazonaws.com/thumbnail_XZL_SG_36_bbbd2e92db.jpg', 'XZL_SG_36_bbbd2e92db.jpg', 'image/jpeg', 133448, 1422, 800),
  (226, 'IMG_0084.jpg', 13, '2025-11-26T03:09:12.28Z', '2025-11-26T03:09:12.28Z', 'https://kitchen-utensils.s3.ap-southeast-1.amazonaws.com/IMG_0084_dde5d30b38.jpg', 'https://kitchen-utensils.s3.ap-southeast-1.amazonaws.com/thumbnail_IMG_0084_dde5d30b38.jpg', 'IMG_0084_dde5d30b38.jpg', 'image/jpeg', 69652, 1750, 875),
  (227, 'Radiant Charboiler Mode.jpg', 13, '2025-11-26T03:09:12.984Z', '2025-11-26T03:09:12.984Z', 'https://kitchen-utensils.s3.ap-southeast-1.amazonaws.com/Radiant_Charboiler_Mode_2f1803ad1a.jpg', 'https://kitchen-utensils.s3.ap-southeast-1.amazonaws.com/thumbnail_Radiant_Charboiler_Mode_2f1803ad1a.jpg', 'Radiant_Charboiler_Mode_2f1803ad1a.jpg', 'image/jpeg', 122665, 1750, 875),
  (228, 'IMG_0090.jpg', 13, '2025-11-26T03:09:14.198Z', '2025-11-26T03:09:14.198Z', 'https://kitchen-utensils.s3.ap-southeast-1.amazonaws.com/IMG_0090_0d3c5af05f.jpg', 'https://kitchen-utensils.s3.ap-southeast-1.amazonaws.com/thumbnail_IMG_0090_0d3c5af05f.jpg', 'IMG_0090_0d3c5af05f.jpg', 'image/jpeg', 125409, 1750, 875),
  (229, 'IMG_20251119_160533.jpg', 13, '2025-11-26T03:09:14.446Z', '2025-11-26T03:09:14.446Z', 'https://kitchen-utensils.s3.ap-southeast-1.amazonaws.com/IMG_20251119_160533_1854762a6f.jpg', 'https://kitchen-utensils.s3.ap-southeast-1.amazonaws.com/thumbnail_IMG_20251119_160533_1854762a6f.jpg', 'IMG_20251119_160533_1854762a6f.jpg', 'image/jpeg', 109670, 1750, 875),
  (230, 'IMG_0047.jpg', 13, '2025-11-26T03:09:14.894Z', '2025-11-26T03:09:14.894Z', 'https://kitchen-utensils.s3.ap-southeast-1.amazonaws.com/IMG_0047_bbef581a0a.jpg', 'https://kitchen-utensils.s3.ap-southeast-1.amazonaws.com/thumbnail_IMG_0047_bbef581a0a.jpg', 'IMG_0047_bbef581a0a.jpg', 'image/jpeg', 135424, 1750, 875),
  (231, 'IMG_7982.jpg', 13, '2025-11-26T03:09:15.03Z', '2025-11-26T03:09:15.03Z', 'https://kitchen-utensils.s3.ap-southeast-1.amazonaws.com/IMG_7982_7b2653ecfa.jpg', 'https://kitchen-utensils.s3.ap-southeast-1.amazonaws.com/thumbnail_IMG_7982_7b2653ecfa.jpg', 'IMG_7982_7b2653ecfa.jpg', 'image/jpeg', 119828, 1750, 875),
  (232, 'IMG_7980.jpg', 13, '2025-11-26T03:09:15.186Z', '2025-11-26T03:09:15.186Z', 'https://kitchen-utensils.s3.ap-southeast-1.amazonaws.com/IMG_7980_36fc527007.jpg', 'https://kitchen-utensils.s3.ap-southeast-1.amazonaws.com/thumbnail_IMG_7980_36fc527007.jpg', 'IMG_7980_36fc527007.jpg', 'image/jpeg', 153354, 1750, 875),
  (233, 'Lava rock grill Mode.jpg', 13, '2025-11-26T03:09:15.444Z', '2025-11-26T03:09:15.444Z', 'https://kitchen-utensils.s3.ap-southeast-1.amazonaws.com/Lava_rock_grill_Mode_7431566488.jpg', 'https://kitchen-utensils.s3.ap-southeast-1.amazonaws.com/thumbnail_Lava_rock_grill_Mode_7431566488.jpg', 'Lava_rock_grill_Mode_7431566488.jpg', 'image/jpeg', 159980, 1750, 875),
  (234, 'IMG_20251119_154403.jpg', 13, '2025-11-26T03:09:15.564Z', '2025-11-26T03:09:15.564Z', 'https://kitchen-utensils.s3.ap-southeast-1.amazonaws.com/IMG_20251119_154403_1945cb888e.jpg', 'https://kitchen-utensils.s3.ap-southeast-1.amazonaws.com/thumbnail_IMG_20251119_154403_1945cb888e.jpg', 'IMG_20251119_154403_1945cb888e.jpg', 'image/jpeg', 166810, 1167, 875),
  (235, 'IMG_0070.jpg', 13, '2025-11-26T03:09:15.74Z', '2025-11-26T03:09:15.74Z', 'https://kitchen-utensils.s3.ap-southeast-1.amazonaws.com/IMG_0070_a99d4d737c.jpg', 'https://kitchen-utensils.s3.ap-southeast-1.amazonaws.com/thumbnail_IMG_0070_a99d4d737c.jpg', 'IMG_0070_a99d4d737c.jpg', 'image/jpeg', 238090, 1750, 875),
  (236, 'XZL-5.jpg', 9, '2025-11-26T03:25:06.504Z', '2025-11-26T03:25:06.504Z', 'https://kitchen-utensils.s3.ap-southeast-1.amazonaws.com/XZL_5_2cfeb83fed.jpg', 'https://kitchen-utensils.s3.ap-southeast-1.amazonaws.com/thumbnail_XZL_5_2cfeb83fed.jpg', 'XZL_5_2cfeb83fed.jpg', 'image/jpeg', 30044, 1422, 800),
  (237, 'XZL-3，4.jpg', 9, '2025-11-26T03:25:06.512Z', '2025-11-26T03:25:06.512Z', 'https://kitchen-utensils.s3.ap-southeast-1.amazonaws.com/XZL_3_4_bd7b342c22.jpg', 'https://kitchen-utensils.s3.ap-southeast-1.amazonaws.com/thumbnail_XZL_3_4_bd7b342c22.jpg', 'XZL_3_4_bd7b342c22.jpg', 'image/jpeg', 34570, 1421, 800),
  (238, 'HSD-101G.png', 17, '2025-11-26T03:35:52.677Z', '2025-11-26T03:35:52.677Z', 'https://kitchen-utensils.s3.ap-southeast-1.amazonaws.com/HSD_101_G_4528a75b20.png', 'https://kitchen-utensils.s3.ap-southeast-1.amazonaws.com/thumbnail_HSD_101_G_4528a75b20.png', 'HSD_101_G_4528a75b20.png', 'image/png', 123505, 1750, 875),
  (239, 'HSD-102G_.png', 17, '2025-11-26T03:35:53.266Z', '2025-11-26T03:35:53.266Z', 'https://kitchen-utensils.s3.ap-southeast-1.amazonaws.com/HSD_102_G_d96bdfab2d.png', 'https://kitchen-utensils.s3.ap-southeast-1.amazonaws.com/thumbnail_HSD_102_G_d96bdfab2d.png', 'HSD_102_G_d96bdfab2d.png', 'image/png', 153969, 1750, 875),
  (240, 'XZL-101G.jpg', 17, '2025-11-26T03:38:36.753Z', '2025-11-26T03:38:36.753Z', 'https://kitchen-utensils.s3.ap-southeast-1.amazonaws.com/XZL_101_G_fac3e9ccf1.jpg', 'https://kitchen-utensils.s3.ap-southeast-1.amazonaws.com/thumbnail_XZL_101_G_fac3e9ccf1.jpg', 'XZL_101_G_fac3e9ccf1.jpg', 'image/jpeg', 48282, 1421, 800),
  (242, 'XZL-102G.jpg', 17, '2025-11-26T03:52:52.578Z', '2025-11-26T03:52:52.578Z', 'https://kitchen-utensils.s3.ap-southeast-1.amazonaws.com/XZL_102_G_ab7a83e4e4.jpg', 'https://kitchen-utensils.s3.ap-southeast-1.amazonaws.com/thumbnail_XZL_102_G_ab7a83e4e4.jpg', 'XZL_102_G_ab7a83e4e4.jpg', 'image/jpeg', 51804, 1423, 800),
  (243, 'IMG_20251119_154201.jpg', 11, '2025-11-26T04:46:24.844Z', '2025-11-26T04:46:24.844Z', 'https://kitchen-utensils.s3.ap-southeast-1.amazonaws.com/IMG_20251119_154201_1ad1626029.jpg', 'https://kitchen-utensils.s3.ap-southeast-1.amazonaws.com/thumbnail_IMG_20251119_154201_1ad1626029.jpg', 'IMG_20251119_154201_1ad1626029.jpg', 'image/jpeg', 96563, 1750, 875),
  (244, 'IMG_9939.jpg', 11, '2025-11-26T04:46:25.937Z', '2025-11-26T04:46:25.937Z', 'https://kitchen-utensils.s3.ap-southeast-1.amazonaws.com/IMG_9939_70acf17355.jpg', 'https://kitchen-utensils.s3.ap-southeast-1.amazonaws.com/thumbnail_IMG_9939_70acf17355.jpg', 'IMG_9939_70acf17355.jpg', 'image/jpeg', 125952, 1750, 875),
  (245, 'IMG_0031.jpg', 11, '2025-11-26T04:46:28.803Z', '2025-11-26T04:46:28.803Z', 'https://kitchen-utensils.s3.ap-southeast-1.amazonaws.com/IMG_0031_9085d967e2.jpg', 'https://kitchen-utensils.s3.ap-southeast-1.amazonaws.com/thumbnail_IMG_0031_9085d967e2.jpg', 'IMG_0031_9085d967e2.jpg', 'image/jpeg', 206459, 1750, 875),
  (246, 'IMG_20251119_154127.jpg', 11, '2025-11-26T04:46:28.869Z', '2025-11-26T04:46:28.869Z', 'https://kitchen-utensils.s3.ap-southeast-1.amazonaws.com/IMG_20251119_154127_c12d7cb3bb.jpg', 'https://kitchen-utensils.s3.ap-southeast-1.amazonaws.com/thumbnail_IMG_20251119_154127_c12d7cb3bb.jpg', 'IMG_20251119_154127_c12d7cb3bb.jpg', 'image/jpeg', 154737, 1750, 875),
  (247, 'IMG_7974.jpg', 11, '2025-11-26T04:46:29.883Z', '2025-11-26T04:46:29.883Z', 'https://kitchen-utensils.s3.ap-southeast-1.amazonaws.com/IMG_7974_5ec941e97b.jpg', 'https://kitchen-utensils.s3.ap-southeast-1.amazonaws.com/thumbnail_IMG_7974_5ec941e97b.jpg', 'IMG_7974_5ec941e97b.jpg', 'image/jpeg', 235315, 1750, 875),
  (248, 'IMG_20251106_091801.jpg', 11, '2025-11-26T04:46:30.19Z', '2025-11-26T04:46:30.19Z', 'https://kitchen-utensils.s3.ap-southeast-1.amazonaws.com/IMG_20251106_091801_a55909a652.jpg', 'https://kitchen-utensils.s3.ap-southeast-1.amazonaws.com/thumbnail_IMG_20251106_091801_a55909a652.jpg', 'IMG_20251106_091801_a55909a652.jpg', 'image/jpeg', 304210, 1750, 875),
  (249, 'XZL-BG-2.jpg', 11, '2025-11-26T04:46:52.986Z', '2025-11-26T04:46:52.986Z', 'https://kitchen-utensils.s3.ap-southeast-1.amazonaws.com/XZL_BG_2_b3363d840f.jpg', 'https://kitchen-utensils.s3.ap-southeast-1.amazonaws.com/thumbnail_XZL_BG_2_b3363d840f.jpg', 'XZL_BG_2_b3363d840f.jpg', 'image/jpeg', 52142, 1421, 800),
  (250, 'XZL-BG-4.jpg', 11, '2025-11-26T04:46:54.066Z', '2025-11-26T04:46:54.066Z', 'https://kitchen-utensils.s3.ap-southeast-1.amazonaws.com/XZL_BG_4_6dc2afa6ad.jpg', 'https://kitchen-utensils.s3.ap-southeast-1.amazonaws.com/thumbnail_XZL_BG_4_6dc2afa6ad.jpg', 'XZL_BG_4_6dc2afa6ad.jpg', 'image/jpeg', 83763, 1422, 800),
  (251, 'XZL-BG-8.jpg', 11, '2025-11-26T04:46:54.338Z', '2025-11-26T04:46:54.338Z', 'https://kitchen-utensils.s3.ap-southeast-1.amazonaws.com/XZL_BG_8_4f72fe130a.jpg', 'https://kitchen-utensils.s3.ap-southeast-1.amazonaws.com/thumbnail_XZL_BG_8_4f72fe130a.jpg', 'XZL_BG_8_4f72fe130a.jpg', 'image/jpeg', 94730, 1423, 800),
  (252, 'XZL-BG-6.jpg', 11, '2025-11-26T04:46:54.694Z', '2025-11-26T04:46:54.694Z', 'https://kitchen-utensils.s3.ap-southeast-1.amazonaws.com/XZL_BG_6_af2a9dbab9.jpg', 'https://kitchen-utensils.s3.ap-southeast-1.amazonaws.com/thumbnail_XZL_BG_6_af2a9dbab9.jpg', 'XZL_BG_6_af2a9dbab9.jpg', 'image/jpeg', 104499, 1423, 800),
  (253, 'XZL-BG-1.jpg', 12, '2025-11-26T04:53:24.965Z', '2025-11-26T04:53:24.965Z', 'https://kitchen-utensils.s3.ap-southeast-1.amazonaws.com/XZL_BG_1_1bbee0cd1a.jpg', 'https://kitchen-utensils.s3.ap-southeast-1.amazonaws.com/thumbnail_XZL_BG_1_1bbee0cd1a.jpg', 'XZL_BG_1_1bbee0cd1a.jpg', 'image/jpeg', 56740, 1420, 800),
  (254, 'IMG_E0079.jpg', 12, '2025-11-26T05:02:12.034Z', '2025-11-26T05:02:12.034Z', 'https://kitchen-utensils.s3.ap-southeast-1.amazonaws.com/IMG_E0079_20c0f4f710.jpg', 'https://kitchen-utensils.s3.ap-southeast-1.amazonaws.com/thumbnail_IMG_E0079_20c0f4f710.jpg', 'IMG_E0079_20c0f4f710.jpg', 'image/jpeg', 96348, 1750, 875),
  (255, 'IMG_E0078.jpg', 12, '2025-11-26T05:02:12.312Z', '2025-11-26T05:02:12.312Z', 'https://kitchen-utensils.s3.ap-southeast-1.amazonaws.com/IMG_E0078_ecf6a0f868.jpg', 'https://kitchen-utensils.s3.ap-southeast-1.amazonaws.com/thumbnail_IMG_E0078_ecf6a0f868.jpg', 'IMG_E0078_ecf6a0f868.jpg', 'image/jpeg', 138322, 1750, 875),
  (256, 'IMG_E0073.jpg', 12, '2025-11-26T05:02:12.892Z', '2025-11-26T05:02:12.892Z', 'https://kitchen-utensils.s3.ap-southeast-1.amazonaws.com/IMG_E0073_ba692c0f19.jpg', 'https://kitchen-utensils.s3.ap-southeast-1.amazonaws.com/thumbnail_IMG_E0073_ba692c0f19.jpg', 'IMG_E0073_ba692c0f19.jpg', 'image/jpeg', 221512, 1750, 875),
  (257, '微信图片_20251119190541_26_9.jpg', 12, '2025-11-26T05:02:13.442Z', '2025-11-26T05:02:13.442Z', 'https://kitchen-utensils.s3.ap-southeast-1.amazonaws.com/20251119190541_26_9_c3d2bf76a5.jpg', 'https://kitchen-utensils.s3.ap-southeast-1.amazonaws.com/thumbnail_20251119190541_26_9_c3d2bf76a5.jpg', '20251119190541_26_9_c3d2bf76a5.jpg', 'image/jpeg', 207677, 1750, 875),
  (258, 'IMG_20251106_092235.jpg', 10, '2025-11-26T05:23:16.042Z', '2025-11-26T05:23:16.042Z', 'https://kitchen-utensils.s3.ap-southeast-1.amazonaws.com/IMG_20251106_092235_fa33231fe0.jpg', 'https://kitchen-utensils.s3.ap-southeast-1.amazonaws.com/thumbnail_IMG_20251106_092235_fa33231fe0.jpg', 'IMG_20251106_092235_fa33231fe0.jpg', 'image/jpeg', 59812, 656, 875),
  (259, 'IMG_20251119_163036.jpg', 10, '2025-11-26T05:23:16.58Z', '2025-11-26T05:23:16.58Z', 'https://kitchen-utensils.s3.ap-southeast-1.amazonaws.com/IMG_20251119_163036_8e89268e58.jpg', 'https://kitchen-utensils.s3.ap-southeast-1.amazonaws.com/thumbnail_IMG_20251119_163036_8e89268e58.jpg', 'IMG_20251119_163036_8e89268e58.jpg', 'image/jpeg', 65915, 1750, 875),
  (260, 'IMG_20251119_162509.jpg', 10, '2025-11-26T05:23:16.66Z', '2025-11-26T05:23:16.66Z', 'https://kitchen-utensils.s3.ap-southeast-1.amazonaws.com/IMG_20251119_162509_c52709d607.jpg', 'https://kitchen-utensils.s3.ap-southeast-1.amazonaws.com/thumbnail_IMG_20251119_162509_c52709d607.jpg', 'IMG_20251119_162509_c52709d607.jpg', 'image/jpeg', 73032, 1167, 875),
  (261, 'IMG_20251106_091433.jpg', 10, '2025-11-26T05:23:17.315Z', '2025-11-26T05:23:17.315Z', 'https://kitchen-utensils.s3.ap-southeast-1.amazonaws.com/IMG_20251106_091433_4caddb9679.jpg', 'https://kitchen-utensils.s3.ap-southeast-1.amazonaws.com/thumbnail_IMG_20251106_091433_4caddb9679.jpg', 'IMG_20251106_091433_4caddb9679.jpg', 'image/jpeg', 165509, 1164, 875),
  (262, 'IMG_0133.jpg', 10, '2025-11-26T05:23:17.937Z', '2025-11-26T05:23:17.937Z', 'https://kitchen-utensils.s3.ap-southeast-1.amazonaws.com/IMG_0133_ad2da1e293.jpg', 'https://kitchen-utensils.s3.ap-southeast-1.amazonaws.com/thumbnail_IMG_0133_ad2da1e293.jpg', 'IMG_0133_ad2da1e293.jpg', 'image/jpeg', 210944, 1167, 875),
  (263, 'XZL-B36-G12.jpg', 10, '2025-11-26T05:23:46.381Z', '2025-11-26T05:23:46.381Z', 'https://kitchen-utensils.s3.ap-southeast-1.amazonaws.com/XZL_B36_G12_f02d6584c9.jpg', 'https://kitchen-utensils.s3.ap-southeast-1.amazonaws.com/thumbnail_XZL_B36_G12_f02d6584c9.jpg', 'XZL_B36_G12_f02d6584c9.jpg', 'image/jpeg', 42138, 1422, 800),
  (264, 'XZL-B24.jpg', 10, '2025-11-26T05:23:46.388Z', '2025-11-26T05:23:46.388Z', 'https://kitchen-utensils.s3.ap-southeast-1.amazonaws.com/XZL_B24_47dfc7ddd7.jpg', 'https://kitchen-utensils.s3.ap-southeast-1.amazonaws.com/thumbnail_XZL_B24_47dfc7ddd7.jpg', 'XZL_B24_47dfc7ddd7.jpg', 'image/jpeg', 37407, 1422, 800),
  (265, 'XZL-P24.jpg', 10, '2025-11-26T05:23:46.411Z', '2025-11-26T05:23:46.411Z', 'https://kitchen-utensils.s3.ap-southeast-1.amazonaws.com/XZL_P24_6f8ca8bcce.jpg', 'https://kitchen-utensils.s3.ap-southeast-1.amazonaws.com/thumbnail_XZL_P24_6f8ca8bcce.jpg', 'XZL_P24_6f8ca8bcce.jpg', 'image/jpeg', 32594, 1420, 800),
  (266, 'XZL-B36-G24.jpg', 10, '2025-11-26T05:36:48.128Z', '2025-11-26T05:23:46.437Z', 'https://kitchen-utensils.s3.ap-southeast-1.amazonaws.com/XZL_G24_6d4349d2db.jpg', 'https://kitchen-utensils.s3.ap-southeast-1.amazonaws.com/thumbnail_XZL_G24_6d4349d2db.jpg', 'XZL_G24_6d4349d2db.jpg', 'image/jpeg', 40018, 1423, 800),
  (267, 'XZL-B36.jpg', 10, '2025-11-26T05:23:46.614Z', '2025-11-26T05:23:46.614Z', 'https://kitchen-utensils.s3.ap-southeast-1.amazonaws.com/XZL_B36_9f80ae8e9e.jpg', 'https://kitchen-utensils.s3.ap-southeast-1.amazonaws.com/thumbnail_XZL_B36_9f80ae8e9e.jpg', 'XZL_B36_9f80ae8e9e.jpg', 'image/jpeg', 46418, 1421, 800),
  (268, 'XZL-P36.jpg', 10, '2025-11-26T05:23:46.68Z', '2025-11-26T05:23:46.68Z', 'https://kitchen-utensils.s3.ap-southeast-1.amazonaws.com/XZL_P36_26fe7f53a7.jpg', 'https://kitchen-utensils.s3.ap-southeast-1.amazonaws.com/thumbnail_XZL_P36_26fe7f53a7.jpg', 'XZL_P36_26fe7f53a7.jpg', 'image/jpeg', 38840, 1424, 800),
  (269, 'XZL-B60-G24.jpg', 10, '2025-11-26T05:23:46.719Z', '2025-11-26T05:23:46.719Z', 'https://kitchen-utensils.s3.ap-southeast-1.amazonaws.com/XZL_B60_G24_66ceb7d1b1.jpg', 'https://kitchen-utensils.s3.ap-southeast-1.amazonaws.com/thumbnail_XZL_B60_G24_66ceb7d1b1.jpg', 'XZL_B60_G24_66ceb7d1b1.jpg', 'image/jpeg', 55777, 1423, 800),
  (270, 'XZL-B60-G24S.jpg', 10, '2025-11-26T05:23:46.72Z', '2025-11-26T05:23:46.72Z', 'https://kitchen-utensils.s3.ap-southeast-1.amazonaws.com/XZL_B60_G24_S_73110544a5.jpg', 'https://kitchen-utensils.s3.ap-southeast-1.amazonaws.com/thumbnail_XZL_B60_G24_S_73110544a5.jpg', 'XZL_B60_G24_S_73110544a5.jpg', 'image/jpeg', 52408, 1423, 800),
  (271, 'XZL-B60.jpg', 10, '2025-11-26T05:23:46.721Z', '2025-11-26T05:23:46.721Z', 'https://kitchen-utensils.s3.ap-southeast-1.amazonaws.com/XZL_B60_32e9e9c96a.jpg', 'https://kitchen-utensils.s3.ap-southeast-1.amazonaws.com/thumbnail_XZL_B60_32e9e9c96a.jpg', 'XZL_B60_32e9e9c96a.jpg', 'image/jpeg', 60068, 1421, 800),
  (272, 'HSD-101E.jpg', 18, '2025-11-26T05:55:31.96Z', '2025-11-26T05:55:31.96Z', 'https://kitchen-utensils.s3.ap-southeast-1.amazonaws.com/HSD_101_E_a6f685f8ae.jpg', 'https://kitchen-utensils.s3.ap-southeast-1.amazonaws.com/thumbnail_HSD_101_E_a6f685f8ae.jpg', 'HSD_101_E_a6f685f8ae.jpg', 'image/jpeg', 58460, 1750, 875),
  (273, 'XZL-101E.jpg', 18, '2025-11-26T05:55:44.276Z', '2025-11-26T05:55:44.276Z', 'https://kitchen-utensils.s3.ap-southeast-1.amazonaws.com/XZL_101_E_92396a20f7.jpg', 'https://kitchen-utensils.s3.ap-southeast-1.amazonaws.com/thumbnail_XZL_101_E_92396a20f7.jpg', 'XZL_101_E_92396a20f7.jpg', 'image/jpeg', 49439, 1423, 800),
  (298, 'XZL-EG646.jpg', 25, '2025-11-27T03:00:26.803Z', '2025-11-27T03:00:26.803Z', 'https://kitchen-utensils.s3.ap-southeast-1.amazonaws.com/XZL_EG_646_5cfc2e38b6.jpg', 'https://kitchen-utensils.s3.ap-southeast-1.amazonaws.com/thumbnail_XZL_EG_646_5cfc2e38b6.jpg', 'XZL_EG_646_5cfc2e38b6.jpg', 'image/jpeg', 40028, 1422, 800),
  (299, 'XZL-EG686.jpg', 25, '2025-11-27T03:00:34.689Z', '2025-11-27T03:00:34.689Z', 'https://kitchen-utensils.s3.ap-southeast-1.amazonaws.com/XZL_EG_686_8526ac3db9.jpg', 'https://kitchen-utensils.s3.ap-southeast-1.amazonaws.com/thumbnail_XZL_EG_686_8526ac3db9.jpg', 'XZL_EG_686_8526ac3db9.jpg', 'image/jpeg', 46848, 1423, 800),
  (300, 'XZL-DF645-645A.jpg', 25, '2025-11-27T03:00:34.777Z', '2025-11-27T03:00:34.777Z', 'https://kitchen-utensils.s3.ap-southeast-1.amazonaws.com/XZL_DF_645_645_A_b96cf26372.jpg', 'https://kitchen-utensils.s3.ap-southeast-1.amazonaws.com/thumbnail_XZL_DF_645_645_A_b96cf26372.jpg', 'XZL_DF_645_645_A_b96cf26372.jpg', 'image/jpeg', 47729, 1422, 800),
  (301, 'XZL-EB649.jpg', 25, '2025-11-27T03:00:34.783Z', '2025-11-27T03:00:34.783Z', 'https://kitchen-utensils.s3.ap-southeast-1.amazonaws.com/XZL_EB_649_c2402713d3.jpg', 'https://kitchen-utensils.s3.ap-southeast-1.amazonaws.com/thumbnail_XZL_EB_649_c2402713d3.jpg', 'XZL_EB_649_c2402713d3.jpg', 'image/jpeg', 44595, 1422, 800),
  (302, 'XZL-EH664.jpg', 25, '2025-11-27T03:00:34.952Z', '2025-11-27T03:00:34.952Z', 'https://kitchen-utensils.s3.ap-southeast-1.amazonaws.com/XZL_EH_664_caa5747a4a.jpg', 'https://kitchen-utensils.s3.ap-southeast-1.amazonaws.com/thumbnail_XZL_EH_664_caa5747a4a.jpg', 'XZL_EH_664_caa5747a4a.jpg', 'image/jpeg', 47227, 1422, 800),
  (303, 'XZL-EH668.jpg', 25, '2025-11-27T03:00:34.955Z', '2025-11-27T03:00:34.955Z', 'https://kitchen-utensils.s3.ap-southeast-1.amazonaws.com/XZL_EH_668_0c4a0059e2.jpg', 'https://kitchen-utensils.s3.ap-southeast-1.amazonaws.com/thumbnail_XZL_EH_668_0c4a0059e2.jpg', 'XZL_EH_668_0c4a0059e2.jpg', 'image/jpeg', 58071, 1423, 800),
  (304, 'XZL-EB689.jpg', 25, '2025-11-27T03:00:34.957Z', '2025-11-27T03:00:34.957Z', 'https://kitchen-utensils.s3.ap-southeast-1.amazonaws.com/XZL_EB_689_cadea18e01.jpg', 'https://kitchen-utensils.s3.ap-southeast-1.amazonaws.com/thumbnail_XZL_EB_689_cadea18e01.jpg', 'XZL_EB_689_cadea18e01.jpg', 'image/jpeg', 59044, 1422, 800),
  (305, 'XZL-EH688.jpg', 25, '2025-11-27T03:00:34.958Z', '2025-11-27T03:00:34.958Z', 'https://kitchen-utensils.s3.ap-southeast-1.amazonaws.com/XZL_EH_688_390e76ecd0.jpg', 'https://kitchen-utensils.s3.ap-southeast-1.amazonaws.com/thumbnail_XZL_EH_688_390e76ecd0.jpg', 'XZL_EH_688_390e76ecd0.jpg', 'image/jpeg', 60529, 1422, 800),
  (306, 'XZL-EG666.jpg', 25, '2025-11-27T03:00:34.962Z', '2025-11-27T03:00:34.962Z', 'https://kitchen-utensils.s3.ap-southeast-1.amazonaws.com/XZL_EG_666_13950105f8.jpg', 'https://kitchen-utensils.s3.ap-southeast-1.amazonaws.com/thumbnail_XZL_EG_666_13950105f8.jpg', 'XZL_EG_666_13950105f8.jpg', 'image/jpeg', 44667, 1421, 800),
  (307, 'XZL-EH644.jpg', 25, '2025-11-27T03:00:34.963Z', '2025-11-27T03:00:34.963Z', 'https://kitchen-utensils.s3.ap-southeast-1.amazonaws.com/XZL_EH_644_3a4151a4ff.jpg', 'https://kitchen-utensils.s3.ap-southeast-1.amazonaws.com/thumbnail_XZL_EH_644_3a4151a4ff.jpg', 'XZL_EH_644_3a4151a4ff.jpg', 'image/jpeg', 46684, 1422, 800),
  (308, 'XZL-EH687.jpg', 25, '2025-11-27T03:00:34.964Z', '2025-11-27T03:00:34.964Z', 'https://kitchen-utensils.s3.ap-southeast-1.amazonaws.com/XZL_EH_687_f9429ceadb.jpg', 'https://kitchen-utensils.s3.ap-southeast-1.amazonaws.com/thumbnail_XZL_EH_687_f9429ceadb.jpg', 'XZL_EH_687_f9429ceadb.jpg', 'image/jpeg', 49828, 1422, 800),
  (309, 'XZL-EB669.jpg', 25, '2025-11-27T03:00:34.965Z', '2025-11-27T03:00:34.965Z', 'https://kitchen-utensils.s3.ap-southeast-1.amazonaws.com/XZL_EB_669_ec2f7562a4.jpg', 'https://kitchen-utensils.s3.ap-southeast-1.amazonaws.com/thumbnail_XZL_EB_669_ec2f7562a4.jpg', 'XZL_EB_669_ec2f7562a4.jpg', 'image/jpeg', 57733, 1422, 800),
  (310, 'XZL-EH648.jpg', 25, '2025-11-27T03:00:34.966Z', '2025-11-27T03:00:34.966Z', 'https://kitchen-utensils.s3.ap-southeast-1.amazonaws.com/XZL_EH_648_225a715f4f.jpg', 'https://kitchen-utensils.s3.ap-southeast-1.amazonaws.com/thumbnail_XZL_EH_648_225a715f4f.jpg', 'XZL_EH_648_225a715f4f.jpg', 'image/jpeg', 47309, 1422, 800),
  (311, 'XZL-DF685.jpg', 25, '2025-11-27T03:00:34.97Z', '2025-11-27T03:00:34.97Z', 'https://kitchen-utensils.s3.ap-southeast-1.amazonaws.com/XZL_DF_685_bec9f83b7d.jpg', 'https://kitchen-utensils.s3.ap-southeast-1.amazonaws.com/thumbnail_XZL_DF_685_bec9f83b7d.jpg', 'XZL_DF_685_bec9f83b7d.jpg', 'image/jpeg', 44769, 1423, 800),
  (312, 'XZL-EH667.jpg', 25, '2025-11-27T03:00:34.989Z', '2025-11-27T03:00:34.989Z', 'https://kitchen-utensils.s3.ap-southeast-1.amazonaws.com/XZL_EH_667_42f12019d1.jpg', 'https://kitchen-utensils.s3.ap-southeast-1.amazonaws.com/thumbnail_XZL_EH_667_42f12019d1.jpg', 'XZL_EH_667_42f12019d1.jpg', 'image/jpeg', 53504, 1423, 800),
  (313, 'XZL-EH684.jpg', 25, '2025-11-27T03:00:34.995Z', '2025-11-27T03:00:34.995Z', 'https://kitchen-utensils.s3.ap-southeast-1.amazonaws.com/XZL_EH_684_f20bf4ec7b.jpg', 'https://kitchen-utensils.s3.ap-southeast-1.amazonaws.com/thumbnail_XZL_EH_684_f20bf4ec7b.jpg', 'XZL_EH_684_f20bf4ec7b.jpg', 'image/jpeg', 80179, 1423, 800),
  (314, 'XZL-DF665-665A.jpg', 25, '2025-11-27T03:00:34.996Z', '2025-11-27T03:00:34.996Z', 'https://kitchen-utensils.s3.ap-southeast-1.amazonaws.com/XZL_DF_665_665_A_36ecdac695.jpg', 'https://kitchen-utensils.s3.ap-southeast-1.amazonaws.com/thumbnail_XZL_DF_665_665_A_36ecdac695.jpg', 'XZL_DF_665_665_A_36ecdac695.jpg', 'image/jpeg', 57713, 1423, 800),
  (315, 'XZL-EH647.jpg', 25, '2025-11-27T03:00:54.787Z', '2025-11-27T03:00:54.787Z', 'https://kitchen-utensils.s3.ap-southeast-1.amazonaws.com/XZL_EH_647_8bf06c4b47.jpg', 'https://kitchen-utensils.s3.ap-southeast-1.amazonaws.com/thumbnail_XZL_EH_647_8bf06c4b47.jpg', 'XZL_EH_647_8bf06c4b47.jpg', 'image/jpeg', 41411, 1422, 800),
  (335, 'XZL-GH586.jpg', 24, '2025-11-27T03:08:40.02Z', '2025-11-27T03:08:40.02Z', 'https://kitchen-utensils.s3.ap-southeast-1.amazonaws.com/XZL_GH_586_a6f9a2feac.jpg', 'https://kitchen-utensils.s3.ap-southeast-1.amazonaws.com/thumbnail_XZL_GH_586_a6f9a2feac.jpg', 'XZL_GH_586_a6f9a2feac.jpg', 'image/jpeg', 42906, 1422, 800),
  (336, 'XZL-GB589.jpg', 24, '2025-11-27T03:08:40.085Z', '2025-11-27T03:08:40.085Z', 'https://kitchen-utensils.s3.ap-southeast-1.amazonaws.com/XZL_GB_589_9ba4631d1e.jpg', 'https://kitchen-utensils.s3.ap-southeast-1.amazonaws.com/thumbnail_XZL_GB_589_9ba4631d1e.jpg', 'XZL_GB_589_9ba4631d1e.jpg', 'image/jpeg', 54139, 1422, 800),
  (337, 'XZL-GH588.jpg', 24, '2025-11-27T03:08:40.117Z', '2025-11-27T03:08:40.117Z', 'https://kitchen-utensils.s3.ap-southeast-1.amazonaws.com/XZL_GH_588_4bd7e83be3.jpg', 'https://kitchen-utensils.s3.ap-southeast-1.amazonaws.com/thumbnail_XZL_GH_588_4bd7e83be3.jpg', 'XZL_GH_588_4bd7e83be3.jpg', 'image/jpeg', 56136, 1423, 800),
  (338, 'XZL-GF585.jpg', 24, '2025-11-27T03:08:40.209Z', '2025-11-27T03:08:40.209Z', 'https://kitchen-utensils.s3.ap-southeast-1.amazonaws.com/XZL_GF_585_91c328b03d.jpg', 'https://kitchen-utensils.s3.ap-southeast-1.amazonaws.com/thumbnail_XZL_GF_585_91c328b03d.jpg', 'XZL_GF_585_91c328b03d.jpg', 'image/jpeg', 57651, 1423, 800),
  (339, 'XZL-GH584.jpg', 24, '2025-11-27T03:08:40.236Z', '2025-11-27T03:08:40.236Z', 'https://kitchen-utensils.s3.ap-southeast-1.amazonaws.com/XZL_GH_584_c78e2d1dd2.jpg', 'https://kitchen-utensils.s3.ap-southeast-1.amazonaws.com/thumbnail_XZL_GH_584_c78e2d1dd2.jpg', 'XZL_GH_584_c78e2d1dd2.jpg', 'image/jpeg', 55695, 1422, 800),
  (340, 'XZL-GH587.jpg', 24, '2025-11-27T03:08:40.26Z', '2025-11-27T03:08:40.26Z', 'https://kitchen-utensils.s3.ap-southeast-1.amazonaws.com/XZL_GH_587_2361ce027a.jpg', 'https://kitchen-utensils.s3.ap-southeast-1.amazonaws.com/thumbnail_XZL_GH_587_2361ce027a.jpg', 'XZL_GH_587_2361ce027a.jpg', 'image/jpeg', 62034, 1422, 800),
  (341, 'XZL-EH881-781.jpg', 26, '2025-11-27T03:58:44.123Z', '2025-11-27T03:58:44.123Z', 'https://kitchen-utensils.s3.ap-southeast-1.amazonaws.com/XZL_EH_881_781_6d3d744bf8.jpg', 'https://kitchen-utensils.s3.ap-southeast-1.amazonaws.com/thumbnail_XZL_EH_881_781_6d3d744bf8.jpg', 'XZL_EH_881_781_6d3d744bf8.jpg', 'image/jpeg', 45670, 1423, 800),
  (342, 'XZL-EH887A.jpg', 26, '2025-11-27T03:58:44.259Z', '2025-11-27T03:58:44.259Z', 'https://kitchen-utensils.s3.ap-southeast-1.amazonaws.com/XZL_EH_887_A_b243d9d355.jpg', 'https://kitchen-utensils.s3.ap-southeast-1.amazonaws.com/thumbnail_XZL_EH_887_A_b243d9d355.jpg', 'XZL_EH_887_A_b243d9d355.jpg', 'image/jpeg', 54569, 1422, 800),
  (343, 'XZL-EH880-780.jpg', 26, '2025-11-27T03:58:44.289Z', '2025-11-27T03:58:44.289Z', 'https://kitchen-utensils.s3.ap-southeast-1.amazonaws.com/XZL_EH_880_780_f8a9241767.jpg', 'https://kitchen-utensils.s3.ap-southeast-1.amazonaws.com/thumbnail_XZL_EH_880_780_f8a9241767.jpg', 'XZL_EH_880_780_f8a9241767.jpg', 'image/jpeg', 48046, 1423, 800),
  (344, 'XZL-EB889-789.jpg', 26, '2025-11-27T03:58:44.302Z', '2025-11-27T03:58:44.302Z', 'https://kitchen-utensils.s3.ap-southeast-1.amazonaws.com/XZL_EB_889_789_219191a092.jpg', 'https://kitchen-utensils.s3.ap-southeast-1.amazonaws.com/thumbnail_XZL_EB_889_789_219191a092.jpg', 'XZL_EB_889_789_219191a092.jpg', 'image/jpeg', 50084, 1421, 800),
  (345, 'XZL-EH884-784.jpg', 26, '2025-11-27T03:58:44.304Z', '2025-11-27T03:58:44.304Z', 'https://kitchen-utensils.s3.ap-southeast-1.amazonaws.com/XZL_EH_884_784_f7b6585797.jpg', 'https://kitchen-utensils.s3.ap-southeast-1.amazonaws.com/thumbnail_XZL_EH_884_784_f7b6585797.jpg', 'XZL_EH_884_784_f7b6585797.jpg', 'image/jpeg', 49285, 1423, 800),
  (346, 'XZL-EH787G.jpg', 26, '2025-11-27T03:58:44.313Z', '2025-11-27T03:58:44.313Z', 'https://kitchen-utensils.s3.ap-southeast-1.amazonaws.com/XZL_EH_787_G_964da74aff.jpg', 'https://kitchen-utensils.s3.ap-southeast-1.amazonaws.com/thumbnail_XZL_EH_787_G_964da74aff.jpg', 'XZL_EH_787_G_964da74aff.jpg', 'image/jpeg', 46459, 1422, 800),
  (347, 'XZL-DF886A-786A.jpg', 26, '2025-11-27T03:58:44.318Z', '2025-11-27T03:58:44.318Z', 'https://kitchen-utensils.s3.ap-southeast-1.amazonaws.com/XZL_DF_886_A_786_A_4dda5e3960.jpg', 'https://kitchen-utensils.s3.ap-southeast-1.amazonaws.com/thumbnail_XZL_DF_886_A_786_A_4dda5e3960.jpg', 'XZL_DF_886_A_786_A_4dda5e3960.jpg', 'image/jpeg', 51640, 1422, 800),
  (348, 'XZL-EH887C-787C.jpg', 26, '2025-11-27T03:58:44.325Z', '2025-11-27T03:58:44.325Z', 'https://kitchen-utensils.s3.ap-southeast-1.amazonaws.com/XZL_EH_887_C_787_C_fe2624f0a8.jpg', 'https://kitchen-utensils.s3.ap-southeast-1.amazonaws.com/thumbnail_XZL_EH_887_C_787_C_fe2624f0a8.jpg', 'XZL_EH_887_C_787_C_fe2624f0a8.jpg', 'image/jpeg', 50084, 1422, 800),
  (349, 'XZL-EH887D.jpg', 26, '2025-11-27T03:58:44.357Z', '2025-11-27T03:58:44.357Z', 'https://kitchen-utensils.s3.ap-southeast-1.amazonaws.com/XZL_EH_887_D_e0e97e57ad.jpg', 'https://kitchen-utensils.s3.ap-southeast-1.amazonaws.com/thumbnail_XZL_EH_887_D_e0e97e57ad.jpg', 'XZL_EH_887_D_e0e97e57ad.jpg', 'image/jpeg', 55419, 1423, 800),
  (350, 'XZL-EH897A.jpg', 26, '2025-11-27T03:58:44.366Z', '2025-11-27T03:58:44.366Z', 'https://kitchen-utensils.s3.ap-southeast-1.amazonaws.com/XZL_EH_897_A_2ebb7abbed.jpg', 'https://kitchen-utensils.s3.ap-southeast-1.amazonaws.com/thumbnail_XZL_EH_897_A_2ebb7abbed.jpg', 'XZL_EH_897_A_2ebb7abbed.jpg', 'image/jpeg', 67953, 1422, 800),
  (351, 'XZL-EH887B.jpg', 26, '2025-11-27T03:58:44.399Z', '2025-11-27T03:58:44.399Z', 'https://kitchen-utensils.s3.ap-southeast-1.amazonaws.com/XZL_EH_887_B_34880b6e5c.jpg', 'https://kitchen-utensils.s3.ap-southeast-1.amazonaws.com/thumbnail_XZL_EH_887_B_34880b6e5c.jpg', 'XZL_EH_887_B_34880b6e5c.jpg', 'image/jpeg', 55357, 1422, 800),
  (352, 'XZL-EG1200.jpg', 26, '2025-11-27T03:58:44.403Z', '2025-11-27T03:58:44.403Z', 'https://kitchen-utensils.s3.ap-southeast-1.amazonaws.com/XZL_EG_1200_4ac3fa14b5.jpg', 'https://kitchen-utensils.s3.ap-southeast-1.amazonaws.com/thumbnail_XZL_EG_1200_4ac3fa14b5.jpg', 'XZL_EG_1200_4ac3fa14b5.jpg', 'image/jpeg', 53924, 1423, 800),
  (353, 'XZL-EH888-788.jpg', 26, '2025-11-27T03:58:44.514Z', '2025-11-27T03:58:44.514Z', 'https://kitchen-utensils.s3.ap-southeast-1.amazonaws.com/XZL_EH_888_788_d2400012ae.jpg', 'https://kitchen-utensils.s3.ap-southeast-1.amazonaws.com/thumbnail_XZL_EH_888_788_d2400012ae.jpg', 'XZL_EH_888_788_d2400012ae.jpg', 'image/jpeg', 55921, 1423, 800),
  (354, 'XZL-DF875A-775.jpg', 26, '2025-11-27T03:59:01.475Z', '2025-11-27T03:59:01.475Z', 'https://kitchen-utensils.s3.ap-southeast-1.amazonaws.com/XZL_DF_875_A_775_20e03c87ce.jpg', 'https://kitchen-utensils.s3.ap-southeast-1.amazonaws.com/thumbnail_XZL_DF_875_A_775_20e03c87ce.jpg', 'XZL_DF_875_A_775_20e03c87ce.jpg', 'image/jpeg', 30689, 1423, 800),
  (355, 'XZL-EH874Z-774Z.jpg', 26, '2025-11-27T03:59:02.518Z', '2025-11-27T03:59:02.518Z', 'https://kitchen-utensils.s3.ap-southeast-1.amazonaws.com/XZL_EH_874_Z_774_Z_dc7098d3e5.jpg', 'https://kitchen-utensils.s3.ap-southeast-1.amazonaws.com/thumbnail_XZL_EH_874_Z_774_Z_dc7098d3e5.jpg', 'XZL_EH_874_Z_774_Z_dc7098d3e5.jpg', 'image/jpeg', 30976, 1421, 800),
  (356, 'XZL-EG876-776.jpg', 26, '2025-11-27T03:59:03.194Z', '2025-11-27T03:59:03.194Z', 'https://kitchen-utensils.s3.ap-southeast-1.amazonaws.com/XZL_EG_876_776_a2ac91af0a.jpg', 'https://kitchen-utensils.s3.ap-southeast-1.amazonaws.com/thumbnail_XZL_EG_876_776_a2ac91af0a.jpg', 'XZL_EG_876_776_a2ac91af0a.jpg', 'image/jpeg', 29624, 1422, 800),
  (357, 'XZL-EH887.jpg', 26, '2025-11-27T03:59:03.369Z', '2025-11-27T03:59:03.369Z', 'https://kitchen-utensils.s3.ap-southeast-1.amazonaws.com/XZL_EH_887_3f86e68689.jpg', 'https://kitchen-utensils.s3.ap-southeast-1.amazonaws.com/thumbnail_XZL_EH_887_3f86e68689.jpg', 'XZL_EH_887_3f86e68689.jpg', 'image/jpeg', 48650, 1422, 800),
  (358, 'XZL-EH877-777.jpg', 26, '2025-11-27T03:59:03.487Z', '2025-11-27T03:59:03.487Z', 'https://kitchen-utensils.s3.ap-southeast-1.amazonaws.com/XZL_EH_877_777_f5975dc34c.jpg', 'https://kitchen-utensils.s3.ap-southeast-1.amazonaws.com/thumbnail_XZL_EH_877_777_f5975dc34c.jpg', 'XZL_EH_877_777_f5975dc34c.jpg', 'image/jpeg', 31539, 1422, 800),
  (359, 'XZL-EG886-786.jpg', 26, '2025-11-27T03:59:04.057Z', '2025-11-27T03:59:04.057Z', 'https://kitchen-utensils.s3.ap-southeast-1.amazonaws.com/XZL_EG_886_786_bb6783b08e.jpg', 'https://kitchen-utensils.s3.ap-southeast-1.amazonaws.com/thumbnail_XZL_EG_886_786_bb6783b08e.jpg', 'XZL_EG_886_786_bb6783b08e.jpg', 'image/jpeg', 45650, 1422, 800),
  (360, 'XZL-EH787B.jpg', 26, '2025-11-27T03:59:04.119Z', '2025-11-27T03:59:04.119Z', 'https://kitchen-utensils.s3.ap-southeast-1.amazonaws.com/XZL_EH_787_B_07a61c343c.jpg', 'https://kitchen-utensils.s3.ap-southeast-1.amazonaws.com/thumbnail_XZL_EH_787_B_07a61c343c.jpg', 'XZL_EH_787_B_07a61c343c.jpg', 'image/jpeg', 50964, 1422, 800),
  (361, 'XZL-EH878-778.jpg', 26, '2025-11-27T05:21:34.305Z', '2025-11-27T03:59:04.129Z', 'https://kitchen-utensils.s3.ap-southeast-1.amazonaws.com/XZL_EH_876_Z_776_Z_3f257dc38e.jpg', 'https://kitchen-utensils.s3.ap-southeast-1.amazonaws.com/thumbnail_XZL_EH_876_Z_776_Z_3f257dc38e.jpg', 'XZL_EH_876_Z_776_Z_3f257dc38e.jpg', 'image/jpeg', 31805, 1422, 800),
  (362, 'XZL-EH787E.jpg', 26, '2025-11-27T03:59:04.151Z', '2025-11-27T03:59:04.151Z', 'https://kitchen-utensils.s3.ap-southeast-1.amazonaws.com/XZL_EH_787_E_5372d0cbe3.jpg', 'https://kitchen-utensils.s3.ap-southeast-1.amazonaws.com/thumbnail_XZL_EH_787_E_5372d0cbe3.jpg', 'XZL_EH_787_E_5372d0cbe3.jpg', 'image/jpeg', 43080, 1422, 800),
  (363, 'XZL-DF885-785.jpg', 26, '2025-11-27T03:59:04.154Z', '2025-11-27T03:59:04.154Z', 'https://kitchen-utensils.s3.ap-southeast-1.amazonaws.com/XZL_DF_885_785_60dcdd642b.jpg', 'https://kitchen-utensils.s3.ap-southeast-1.amazonaws.com/thumbnail_XZL_DF_885_785_60dcdd642b.jpg', 'XZL_DF_885_785_60dcdd642b.jpg', 'image/jpeg', 49398, 1422, 800),
  (364, 'XZL-EB879-779.jpg', 26, '2025-11-27T03:59:04.231Z', '2025-11-27T03:59:04.231Z', 'https://kitchen-utensils.s3.ap-southeast-1.amazonaws.com/XZL_EB_879_779_978370df0d.jpg', 'https://kitchen-utensils.s3.ap-southeast-1.amazonaws.com/thumbnail_XZL_EB_879_779_978370df0d.jpg', 'XZL_EB_879_779_978370df0d.jpg', 'image/jpeg', 32707, 1422, 800),
  (365, 'XZL-GH976-776.jpg', 23, '2025-11-27T04:37:39.39Z', '2025-11-27T04:37:39.39Z', 'https://kitchen-utensils.s3.ap-southeast-1.amazonaws.com/XZL_GH_976_776_394e53ea30.jpg', 'https://kitchen-utensils.s3.ap-southeast-1.amazonaws.com/thumbnail_XZL_GH_976_776_394e53ea30.jpg', 'XZL_GH_976_776_394e53ea30.jpg', 'image/jpeg', 30720, 1423, 800),
  (366, 'XZL-GF975-775.jpg', 23, '2025-11-27T04:37:39.493Z', '2025-11-27T04:37:39.493Z', 'https://kitchen-utensils.s3.ap-southeast-1.amazonaws.com/XZL_GF_975_775_079b4216ed.jpg', 'https://kitchen-utensils.s3.ap-southeast-1.amazonaws.com/thumbnail_XZL_GF_975_775_079b4216ed.jpg', 'XZL_GF_975_775_079b4216ed.jpg', 'image/jpeg', 31130, 1423, 800),
  (367, 'XZL-GH977-777.jpg', 23, '2025-11-27T04:37:39.917Z', '2025-11-27T04:37:39.917Z', 'https://kitchen-utensils.s3.ap-southeast-1.amazonaws.com/XZL_GH_977_777_3824ca141e.jpg', 'https://kitchen-utensils.s3.ap-southeast-1.amazonaws.com/thumbnail_XZL_GH_977_777_3824ca141e.jpg', 'XZL_GH_977_777_3824ca141e.jpg', 'image/jpeg', 31232, 1422, 800),
  (368, 'XZL-GH974-774Z.jpg', 23, '2025-11-27T04:37:40.038Z', '2025-11-27T04:37:40.038Z', 'https://kitchen-utensils.s3.ap-southeast-1.amazonaws.com/XZL_GH_974_774_Z_42f3fcc5cd.jpg', 'https://kitchen-utensils.s3.ap-southeast-1.amazonaws.com/thumbnail_XZL_GH_974_774_Z_42f3fcc5cd.jpg', 'XZL_GH_974_774_Z_42f3fcc5cd.jpg', 'image/jpeg', 31242, 1423, 800),
  (369, 'XZL-GH978-778.jpg', 23, '2025-11-27T04:37:47.304Z', '2025-11-27T04:37:47.304Z', 'https://kitchen-utensils.s3.ap-southeast-1.amazonaws.com/XZL_GH_978_778_23542de454.jpg', 'https://kitchen-utensils.s3.ap-southeast-1.amazonaws.com/thumbnail_XZL_GH_978_778_23542de454.jpg', 'XZL_GH_978_778_23542de454.jpg', 'image/jpeg', 32379, 1423, 800),
  (370, 'XZL-GH986A-786A.jpg', 23, '2025-11-27T04:37:47.79Z', '2025-11-27T04:37:47.79Z', 'https://kitchen-utensils.s3.ap-southeast-1.amazonaws.com/XZL_GH_986_A_786_A_5d03c16f65.jpg', 'https://kitchen-utensils.s3.ap-southeast-1.amazonaws.com/thumbnail_XZL_GH_986_A_786_A_5d03c16f65.jpg', 'XZL_GH_986_A_786_A_5d03c16f65.jpg', 'image/jpeg', 50483, 1422, 800),
  (371, 'XZL-GB979-779.jpg', 23, '2025-11-27T04:37:47.834Z', '2025-11-27T04:37:47.834Z', 'https://kitchen-utensils.s3.ap-southeast-1.amazonaws.com/XZL_GB_979_779_c7f87d84b9.jpg', 'https://kitchen-utensils.s3.ap-southeast-1.amazonaws.com/thumbnail_XZL_GB_979_779_c7f87d84b9.jpg', 'XZL_GB_979_779_c7f87d84b9.jpg', 'image/jpeg', 33659, 1422, 800),
  (372, 'XZL-GH981-781.jpg', 23, '2025-11-27T04:37:47.842Z', '2025-11-27T04:37:47.842Z', 'https://kitchen-utensils.s3.ap-southeast-1.amazonaws.com/XZL_GH_981_781_75f9c5ac76.jpg', 'https://kitchen-utensils.s3.ap-southeast-1.amazonaws.com/thumbnail_XZL_GH_981_781_75f9c5ac76.jpg', 'XZL_GH_981_781_75f9c5ac76.jpg', 'image/jpeg', 45783, 1423, 800),
  (373, 'XZL-GH986-786.jpg', 23, '2025-11-27T04:37:47.885Z', '2025-11-27T04:37:47.885Z', 'https://kitchen-utensils.s3.ap-southeast-1.amazonaws.com/XZL_GH_986_786_bd1d31cfe2.jpg', 'https://kitchen-utensils.s3.ap-southeast-1.amazonaws.com/thumbnail_XZL_GH_986_786_bd1d31cfe2.jpg', 'XZL_GH_986_786_bd1d31cfe2.jpg', 'image/jpeg', 47309, 1422, 800),
  (374, 'XZL-GB988-788.jpg', 23, '2025-11-27T04:37:47.888Z', '2025-11-27T04:37:47.888Z', 'https://kitchen-utensils.s3.ap-southeast-1.amazonaws.com/XZL_GB_988_788_087941e8a4.jpg', 'https://kitchen-utensils.s3.ap-southeast-1.amazonaws.com/thumbnail_XZL_GB_988_788_087941e8a4.jpg', 'XZL_GB_988_788_087941e8a4.jpg', 'image/jpeg', 57211, 1423, 800),
  (375, 'XZL-GF985-785.jpg', 23, '2025-11-27T04:37:47.892Z', '2025-11-27T04:37:47.892Z', 'https://kitchen-utensils.s3.ap-southeast-1.amazonaws.com/XZL_GF_985_785_bc07065ff2.jpg', 'https://kitchen-utensils.s3.ap-southeast-1.amazonaws.com/thumbnail_XZL_GF_985_785_bc07065ff2.jpg', 'XZL_GF_985_785_bc07065ff2.jpg', 'image/jpeg', 37898, 1421, 800),
  (376, 'XZL-GB989-789.jpg', 23, '2025-11-27T04:37:47.9Z', '2025-11-27T04:37:47.9Z', 'https://kitchen-utensils.s3.ap-southeast-1.amazonaws.com/XZL_GB_989_789_bdd5c342d4.jpg', 'https://kitchen-utensils.s3.ap-southeast-1.amazonaws.com/thumbnail_XZL_GB_989_789_bdd5c342d4.jpg', 'XZL_GB_989_789_bdd5c342d4.jpg', 'image/jpeg', 53340, 1422, 800),
  (377, 'XZL-GH987A-787A.jpg', 23, '2025-11-27T04:37:47.901Z', '2025-11-27T04:37:47.901Z', 'https://kitchen-utensils.s3.ap-southeast-1.amazonaws.com/XZL_GH_987_A_787_A_00de18171f.jpg', 'https://kitchen-utensils.s3.ap-southeast-1.amazonaws.com/thumbnail_XZL_GH_987_A_787_A_00de18171f.jpg', 'XZL_GH_987_A_787_A_00de18171f.jpg', 'image/jpeg', 56412, 1421, 800),
  (378, 'XZL-GH980-780.jpg', 23, '2025-11-27T04:37:47.903Z', '2025-11-27T04:37:47.903Z', 'https://kitchen-utensils.s3.ap-southeast-1.amazonaws.com/XZL_GH_980_780_8975030e09.jpg', 'https://kitchen-utensils.s3.ap-southeast-1.amazonaws.com/thumbnail_XZL_GH_980_780_8975030e09.jpg', 'XZL_GH_980_780_8975030e09.jpg', 'image/jpeg', 48445, 1422, 800),
  (379, 'XZL-GH987-787.jpg', 23, '2025-11-27T04:37:47.914Z', '2025-11-27T04:37:47.914Z', 'https://kitchen-utensils.s3.ap-southeast-1.amazonaws.com/XZL_GH_987_787_f94413b2c6.jpg', 'https://kitchen-utensils.s3.ap-southeast-1.amazonaws.com/thumbnail_XZL_GH_987_787_f94413b2c6.jpg', 'XZL_GH_987_787_f94413b2c6.jpg', 'image/jpeg', 54057, 1422, 800),
  (380, 'XZL-GH984-784.jpg', 23, '2025-11-27T04:37:47.929Z', '2025-11-27T04:37:47.929Z', 'https://kitchen-utensils.s3.ap-southeast-1.amazonaws.com/XZL_GH_984_784_35911ba06a.jpg', 'https://kitchen-utensils.s3.ap-southeast-1.amazonaws.com/thumbnail_XZL_GH_984_784_35911ba06a.jpg', 'XZL_GH_984_784_35911ba06a.jpg', 'image/jpeg', 51814, 1422, 800),
  (381, 'XZL-GH999A-799A.jpg', 23, '2025-11-27T04:37:47.934Z', '2025-11-27T04:37:47.934Z', 'https://kitchen-utensils.s3.ap-southeast-1.amazonaws.com/XZL_GH_999_A_799_A_f70872e2cc.jpg', 'https://kitchen-utensils.s3.ap-southeast-1.amazonaws.com/thumbnail_XZL_GH_999_A_799_A_f70872e2cc.jpg', 'XZL_GH_999_A_799_A_f70872e2cc.jpg', 'image/jpeg', 72786, 1421, 800),
  (382, 'XZL-GH997A-797A.jpg', 23, '2025-11-27T04:37:47.936Z', '2025-11-27T04:37:47.936Z', 'https://kitchen-utensils.s3.ap-southeast-1.amazonaws.com/XZL_GH_997_A_797_A_7c87f62982.jpg', 'https://kitchen-utensils.s3.ap-southeast-1.amazonaws.com/thumbnail_XZL_GH_997_A_797_A_7c87f62982.jpg', 'XZL_GH_997_A_797_A_7c87f62982.jpg', 'image/jpeg', 75561, 1423, 800),
  (383, 'XZL-GH996A-796A.jpg', 23, '2025-11-27T04:37:47.937Z', '2025-11-27T04:37:47.937Z', 'https://kitchen-utensils.s3.ap-southeast-1.amazonaws.com/XZL_GH_996_A_796_A_c3ed3e4a32.jpg', 'https://kitchen-utensils.s3.ap-southeast-1.amazonaws.com/thumbnail_XZL_GH_996_A_796_A_c3ed3e4a32.jpg', 'XZL_GH_996_A_796_A_c3ed3e4a32.jpg', 'image/jpeg', 67328, 1423, 800),
  (391, 'GH720.jpg', 28, '2025-11-27T07:49:51.932Z', '2025-11-27T07:49:51.932Z', 'https://kitchen-utensils.s3.ap-southeast-1.amazonaws.com/GH_720_1454dc130f.jpg', 'https://kitchen-utensils.s3.ap-southeast-1.amazonaws.com/thumbnail_GH_720_1454dc130f.jpg', 'GH_720_1454dc130f.jpg', 'image/jpeg', 41882, 1101, 798),
  (392, 'GH718.jpg', 28, '2025-11-27T07:49:52.338Z', '2025-11-27T07:49:52.338Z', 'https://kitchen-utensils.s3.ap-southeast-1.amazonaws.com/GH_718_64edf3a034.jpg', 'https://kitchen-utensils.s3.ap-southeast-1.amazonaws.com/thumbnail_GH_718_64edf3a034.jpg', 'GH_718_64edf3a034.jpg', 'image/jpeg', 42322, 1051, 969),
  (393, 'GH722.jpg', 28, '2025-11-27T07:49:52.375Z', '2025-11-27T07:49:52.375Z', 'https://kitchen-utensils.s3.ap-southeast-1.amazonaws.com/GH_722_ec3bc05328.jpg', 'https://kitchen-utensils.s3.ap-southeast-1.amazonaws.com/thumbnail_GH_722_ec3bc05328.jpg', 'GH_722_ec3bc05328.jpg', 'image/jpeg', 47340, 1152, 885),
  (394, 'GH721.jpg', 28, '2025-11-27T07:49:52.407Z', '2025-11-27T07:49:52.407Z', 'https://kitchen-utensils.s3.ap-southeast-1.amazonaws.com/GH_721_5569c435f7.jpg', 'https://kitchen-utensils.s3.ap-southeast-1.amazonaws.com/thumbnail_GH_721_5569c435f7.jpg', 'GH_721_5569c435f7.jpg', 'image/jpeg', 56556, 946, 948),
  (395, 'Beef 3.jpg', 28, '2025-11-27T07:49:52.931Z', '2025-11-27T07:49:52.931Z', 'https://kitchen-utensils.s3.ap-southeast-1.amazonaws.com/Beef_3_308f51805c.jpg', 'https://kitchen-utensils.s3.ap-southeast-1.amazonaws.com/thumbnail_Beef_3_308f51805c.jpg', 'Beef_3_308f51805c.jpg', 'image/jpeg', 109384, 644, 966),
  (396, 'Beef 2.jpg', 28, '2025-11-27T09:05:26.898Z', '2025-11-27T07:49:52.982Z', 'https://kitchen-utensils.s3.ap-southeast-1.amazonaws.com/Beef_2_6669a7a6ec.jpg', 'https://kitchen-utensils.s3.ap-southeast-1.amazonaws.com/thumbnail_Beef_2_6669a7a6ec.jpg', 'Beef_2_6669a7a6ec.jpg', 'image/jpeg', 92017, 651, 971),
  (397, 'GH820.jpg', 29, '2025-11-27T07:50:30.123Z', '2025-11-27T07:50:30.123Z', 'https://kitchen-utensils.s3.ap-southeast-1.amazonaws.com/GH_820_09f9a3482d.jpg', 'https://kitchen-utensils.s3.ap-southeast-1.amazonaws.com/thumbnail_GH_820_09f9a3482d.jpg', 'GH_820_09f9a3482d.jpg', 'image/jpeg', 35308, 1439, 583),
  (398, 'GH818.jpg', 29, '2025-11-27T07:50:30.31Z', '2025-11-27T07:50:30.31Z', 'https://kitchen-utensils.s3.ap-southeast-1.amazonaws.com/GH_818_0510b1c5b2.jpg', 'https://kitchen-utensils.s3.ap-southeast-1.amazonaws.com/thumbnail_GH_818_0510b1c5b2.jpg', 'GH_818_0510b1c5b2.jpg', 'image/jpeg', 41544, 1357, 778),
  (399, 'GH822.jpg', 29, '2025-11-27T07:50:31.235Z', '2025-11-27T07:50:31.235Z', 'https://kitchen-utensils.s3.ap-southeast-1.amazonaws.com/GH_822_0dcf6dacbb.jpg', 'https://kitchen-utensils.s3.ap-southeast-1.amazonaws.com/thumbnail_GH_822_0dcf6dacbb.jpg', 'GH_822_0dcf6dacbb.jpg', 'image/jpeg', 51835, 1597, 670),
  (400, 'GH818B.jpg', 29, '2025-11-27T07:50:31.256Z', '2025-11-27T07:50:31.256Z', 'https://kitchen-utensils.s3.ap-southeast-1.amazonaws.com/GH_818_B_7ebbb63f07.jpg', 'https://kitchen-utensils.s3.ap-southeast-1.amazonaws.com/thumbnail_GH_818_B_7ebbb63f07.jpg', 'GH_818_B_7ebbb63f07.jpg', 'image/jpeg', 49490, 1677, 860),
  (401, 'GH-400-610.jpg', 29, '2025-11-27T07:50:31.46Z', '2025-11-27T07:50:31.46Z', 'https://kitchen-utensils.s3.ap-southeast-1.amazonaws.com/GH_400_610_e756a949b9.jpg', 'https://kitchen-utensils.s3.ap-southeast-1.amazonaws.com/thumbnail_GH_400_610_e756a949b9.jpg', 'GH_400_610_e756a949b9.jpg', 'image/jpeg', 51405, 1358, 1003),
  (402, 'Beef 1.jpg', 29, '2025-11-27T07:50:31.582Z', '2025-11-27T07:50:31.582Z', 'https://kitchen-utensils.s3.ap-southeast-1.amazonaws.com/Beef_1_9458046467.jpg', 'https://kitchen-utensils.s3.ap-southeast-1.amazonaws.com/thumbnail_Beef_1_9458046467.jpg', 'Beef_1_9458046467.jpg', 'image/jpeg', 70308, 923, 427),
  (403, 'GH821.jpg', 29, '2025-11-27T07:50:32.043Z', '2025-11-27T07:50:32.043Z', 'https://kitchen-utensils.s3.ap-southeast-1.amazonaws.com/GH_821_6e939fd91f.jpg', 'https://kitchen-utensils.s3.ap-southeast-1.amazonaws.com/thumbnail_GH_821_6e939fd91f.jpg', 'GH_821_6e939fd91f.jpg', 'image/jpeg', 73708, 1515, 868),
  (404, 'XZL-1E.jpg', NULL, '2025-11-27T08:58:27.901Z', '2025-11-27T08:58:27.901Z', 'https://kitchen-utensils.s3.ap-southeast-1.amazonaws.com/XZL_1_E_d7bf7debfb.jpg', 'https://kitchen-utensils.s3.ap-southeast-1.amazonaws.com/thumbnail_XZL_1_E_d7bf7debfb.jpg', 'XZL_1_E_d7bf7debfb.jpg', 'image/jpeg', 48660, 1422, 800),
  (405, 'XZL-1E.jpg', 31, '2025-11-27T09:01:06.787Z', '2025-11-27T09:01:06.787Z', 'https://kitchen-utensils.s3.ap-southeast-1.amazonaws.com/XZL_1_E_8fb0ecf201.jpg', 'https://kitchen-utensils.s3.ap-southeast-1.amazonaws.com/thumbnail_XZL_1_E_8fb0ecf201.jpg', 'XZL_1_E_8fb0ecf201.jpg', 'image/jpeg', 48660, 1422, 800),
  (406, 'XZL-2E.jpg', 31, '2025-11-27T09:02:44.082Z', '2025-11-27T09:01:07.085Z', 'https://kitchen-utensils.s3.ap-southeast-1.amazonaws.com/XZL_2_E_ce4b5f9c60.jpg', 'https://kitchen-utensils.s3.ap-southeast-1.amazonaws.com/thumbnail_XZL_2_E_ce4b5f9c60.jpg', 'XZL_2_E_ce4b5f9c60.jpg', 'image/jpeg', 50360, 1422, 800),
  (407, 'XZL-2E-R.jpg', 31, '2025-11-27T09:01:07.178Z', '2025-11-27T09:01:07.178Z', 'https://kitchen-utensils.s3.ap-southeast-1.amazonaws.com/XZL_2_E_R_afa05eca0a.jpg', 'https://kitchen-utensils.s3.ap-southeast-1.amazonaws.com/thumbnail_XZL_2_E_R_afa05eca0a.jpg', 'XZL_2_E_R_afa05eca0a.jpg', 'image/jpeg', 52347, 1422, 800),
  (408, 'XZL-1E-R.jpg', 31, '2025-11-27T09:01:07.229Z', '2025-11-27T09:01:07.229Z', 'https://kitchen-utensils.s3.ap-southeast-1.amazonaws.com/XZL_1_E_R_3a3b89b4be.jpg', 'https://kitchen-utensils.s3.ap-southeast-1.amazonaws.com/thumbnail_XZL_1_E_R_3a3b89b4be.jpg', 'XZL_1_E_R_3a3b89b4be.jpg', 'image/jpeg', 55552, 1422, 800),
  (409, 'XZL-1EA.jpg', 31, '2025-11-27T09:01:09.819Z', '2025-11-27T09:01:09.819Z', 'https://kitchen-utensils.s3.ap-southeast-1.amazonaws.com/XZL_1_EA_86b96df85e.jpg', 'https://kitchen-utensils.s3.ap-southeast-1.amazonaws.com/thumbnail_XZL_1_EA_86b96df85e.jpg', 'XZL_1_EA_86b96df85e.jpg', 'image/jpeg', 46203, 1423, 800),
  (410, 'XZL-410-R.jpg', 31, '2025-11-27T09:01:09.979Z', '2025-11-27T09:01:09.979Z', 'https://kitchen-utensils.s3.ap-southeast-1.amazonaws.com/XZL_410_R_9f8ab0d1ff.jpg', 'https://kitchen-utensils.s3.ap-southeast-1.amazonaws.com/thumbnail_XZL_410_R_9f8ab0d1ff.jpg', 'XZL_410_R_9f8ab0d1ff.jpg', 'image/jpeg', 46899, 1422, 800),
  (411, 'XZL-410.jpg', 31, '2025-11-27T09:01:10.138Z', '2025-11-27T09:01:10.138Z', 'https://kitchen-utensils.s3.ap-southeast-1.amazonaws.com/XZL_410_9c2730c27a.jpg', 'https://kitchen-utensils.s3.ap-southeast-1.amazonaws.com/thumbnail_XZL_410_9c2730c27a.jpg', 'XZL_410_9c2730c27a.jpg', 'image/jpeg', 45875, 1422, 800),
  (414, 'XZL-0250.jpg', 31, '2025-11-27T09:30:01.267Z', '2025-11-27T09:30:01.267Z', 'https://kitchen-utensils.s3.ap-southeast-1.amazonaws.com/XZL_0250_ef2646599d.jpg', 'https://kitchen-utensils.s3.ap-southeast-1.amazonaws.com/thumbnail_XZL_0250_ef2646599d.jpg', 'XZL_0250_ef2646599d.jpg', 'image/jpeg', 58890, 1424, 800),
  (415, 'XZL-0420.jpg', 31, '2025-11-27T09:30:01.607Z', '2025-11-27T09:30:01.607Z', 'https://kitchen-utensils.s3.ap-southeast-1.amazonaws.com/XZL_0420_8e7c7037f1.jpg', 'https://kitchen-utensils.s3.ap-southeast-1.amazonaws.com/thumbnail_XZL_0420_8e7c7037f1.jpg', 'XZL_0420_8e7c7037f1.jpg', 'image/jpeg', 55060, 1424, 800),
  (420, 'Mechanical Series.jpg', 7, '2025-11-27T13:57:25.143Z', '2025-11-27T13:57:25.143Z', 'https://kitchen-utensils.s3.ap-southeast-1.amazonaws.com/Mechanical_Series_3812f341ad.jpg', 'https://kitchen-utensils.s3.ap-southeast-1.amazonaws.com/thumbnail_Mechanical_Series_3812f341ad.jpg', 'Mechanical_Series_3812f341ad.jpg', 'image/jpeg', 153303, 1514, 902),
  (427, 'Basic Series.jpg', 6, '2025-11-27T13:58:15.298Z', '2025-11-27T13:58:15.298Z', 'https://kitchen-utensils.s3.ap-southeast-1.amazonaws.com/Basic_Series_a587bde164.jpg', 'https://kitchen-utensils.s3.ap-southeast-1.amazonaws.com/thumbnail_Basic_Series_a587bde164.jpg', 'Basic_Series_a587bde164.jpg', 'image/jpeg', 156580, 1514, 902),
  (438, 'Economic Series.jpg', 5, '2025-11-27T13:59:28.66Z', '2025-11-27T13:59:28.66Z', 'https://kitchen-utensils.s3.ap-southeast-1.amazonaws.com/Economic_Series_6f9d3eff5d.jpg', 'https://kitchen-utensils.s3.ap-southeast-1.amazonaws.com/thumbnail_Economic_Series_6f9d3eff5d.jpg', 'Economic_Series_6f9d3eff5d.jpg', 'image/jpeg', 156457, 1514, 902),
  (446, 'EOA-401-Exploded Viewing.jpg', 4, '2025-11-28T13:37:43.302Z', '2025-11-27T14:02:31.95Z', 'https://kitchen-utensils.s3.ap-southeast-1.amazonaws.com/EOA_401_Exploded_Viewing_3a2fbc29ad.jpg', 'https://kitchen-utensils.s3.ap-southeast-1.amazonaws.com/thumbnail_EOA_401_Exploded_Viewing_3a2fbc29ad.jpg', 'EOA_401_Exploded_Viewing_3a2fbc29ad.jpg', 'image/jpeg', 60375, 1422, 800),
  (448, 'EOA-61-Exploded Viewing.jpg', 4, '2025-11-28T13:37:26.819Z', '2025-11-27T14:02:32.867Z', 'https://kitchen-utensils.s3.ap-southeast-1.amazonaws.com/EOA_61_Exploded_Viewing_f616fe78f5.jpg', 'https://kitchen-utensils.s3.ap-southeast-1.amazonaws.com/thumbnail_EOA_61_Exploded_Viewing_f616fe78f5.jpg', 'EOA_61_Exploded_Viewing_f616fe78f5.jpg', 'image/jpeg', 68844, 1422, 800),
  (449, 'EOA-101-Exploded Viewing.jpg', 4, '2025-11-28T13:37:10.307Z', '2025-11-27T14:02:32.964Z', 'https://kitchen-utensils.s3.ap-southeast-1.amazonaws.com/EOA_101_Exploded_Viewing_1662a8fd29.jpg', 'https://kitchen-utensils.s3.ap-southeast-1.amazonaws.com/thumbnail_EOA_101_Exploded_Viewing_1662a8fd29.jpg', 'EOA_101_Exploded_Viewing_1662a8fd29.jpg', 'image/jpeg', 62054, 1422, 800),
  (450, 'EOA-201-Exploded Viewing.jpg', 4, '2025-11-28T13:36:53.108Z', '2025-11-27T14:02:33.013Z', 'https://kitchen-utensils.s3.ap-southeast-1.amazonaws.com/EOA_201_Exploded_Viewing_ba4ba752bb.jpg', 'https://kitchen-utensils.s3.ap-southeast-1.amazonaws.com/thumbnail_EOA_201_Exploded_Viewing_ba4ba752bb.jpg', 'EOA_201_Exploded_Viewing_ba4ba752bb.jpg', 'image/jpeg', 80353, 1422, 800),
  (453, 'EOA-61-2.jpg', 4, '2025-11-27T14:04:59.454Z', '2025-11-27T14:04:59.454Z', 'https://kitchen-utensils.s3.ap-southeast-1.amazonaws.com/EOA_61_2_cc9b710c90.jpg', 'https://kitchen-utensils.s3.ap-southeast-1.amazonaws.com/thumbnail_EOA_61_2_cc9b710c90.jpg', 'EOA_61_2_cc9b710c90.jpg', 'image/jpeg', 169482, 1514, 902),
  (454, 'EOA-41-SPJ.jpg', 7, '2025-11-28T13:28:30.038Z', '2025-11-27T14:19:34.22Z', 'https://kitchen-utensils.s3.ap-southeast-1.amazonaws.com/EOA_41_SPJ_7c4154bed6.jpg', 'https://kitchen-utensils.s3.ap-southeast-1.amazonaws.com/thumbnail_EOA_41_SPJ_7c4154bed6.jpg', 'EOA_41_SPJ_7c4154bed6.jpg', 'image/jpeg', 60570, 1423, 800),
  (455, 'EOA-101-SPJ.jpg', 7, '2025-11-28T13:28:11.871Z', '2025-11-27T14:19:34.229Z', 'https://kitchen-utensils.s3.ap-southeast-1.amazonaws.com/EOA_101_SPJ_c03c8c361b.jpg', 'https://kitchen-utensils.s3.ap-southeast-1.amazonaws.com/thumbnail_EOA_101_SPJ_c03c8c361b.jpg', 'EOA_101_SPJ_c03c8c361b.jpg', 'image/jpeg', 56904, 1423, 800),
  (456, 'EOA-61-SPJ.jpg', 7, '2025-11-28T13:27:49.916Z', '2025-11-27T14:19:34.263Z', 'https://kitchen-utensils.s3.ap-southeast-1.amazonaws.com/EOA_61_SPJ_d4eb210acc.jpg', 'https://kitchen-utensils.s3.ap-southeast-1.amazonaws.com/thumbnail_EOA_61_SPJ_d4eb210acc.jpg', 'EOA_61_SPJ_d4eb210acc.jpg', 'image/jpeg', 57528, 1422, 800),
  (457, 'EOA-201-SPJ.jpg', 7, '2025-11-28T13:27:31.562Z', '2025-11-27T14:19:34.588Z', 'https://kitchen-utensils.s3.ap-southeast-1.amazonaws.com/EOA_201_SPJ_046b569540.jpg', 'https://kitchen-utensils.s3.ap-southeast-1.amazonaws.com/thumbnail_EOA_201_SPJ_046b569540.jpg', 'EOA_201_SPJ_046b569540.jpg', 'image/jpeg', 44503, 1422, 800),
  (458, 'EOA-41-SP.jpg', 6, '2025-11-28T13:30:28.138Z', '2025-11-27T14:20:27.233Z', 'https://kitchen-utensils.s3.ap-southeast-1.amazonaws.com/EOA_41_SP_294b607daf.jpg', 'https://kitchen-utensils.s3.ap-southeast-1.amazonaws.com/thumbnail_EOA_41_SP_294b607daf.jpg', 'EOA_41_SP_294b607daf.jpg', 'image/jpeg', 63427, 1423, 800),
  (459, 'EOA-61-SP.jpg', 6, '2025-11-28T13:30:13.5Z', '2025-11-27T14:20:27.925Z', 'https://kitchen-utensils.s3.ap-southeast-1.amazonaws.com/EOA_61_SP_86f1c31345.jpg', 'https://kitchen-utensils.s3.ap-southeast-1.amazonaws.com/thumbnail_EOA_61_SP_86f1c31345.jpg', 'EOA_61_SP_86f1c31345.jpg', 'image/jpeg', 60539, 1421, 800),
  (460, 'EOA-101-SP.jpg', 6, '2025-11-28T13:29:57.648Z', '2025-11-27T14:20:28.401Z', 'https://kitchen-utensils.s3.ap-southeast-1.amazonaws.com/EOA_101_SP_a1df9eeb1b.jpg', 'https://kitchen-utensils.s3.ap-southeast-1.amazonaws.com/thumbnail_EOA_101_SP_a1df9eeb1b.jpg', 'EOA_101_SP_a1df9eeb1b.jpg', 'image/jpeg', 57170, 1422, 800),
  (461, 'EOA-201-SP.jpg', 6, '2025-11-28T13:29:40.644Z', '2025-11-27T14:20:28.725Z', 'https://kitchen-utensils.s3.ap-southeast-1.amazonaws.com/EOA_201_SP_413105409a.jpg', 'https://kitchen-utensils.s3.ap-southeast-1.amazonaws.com/thumbnail_EOA_201_SP_413105409a.jpg', 'EOA_201_SP_413105409a.jpg', 'image/jpeg', 47186, 1423, 800),
  (462, 'EOA-41-MP.jpg', 5, '2025-11-28T13:32:28.624Z', '2025-11-27T14:21:49.999Z', 'https://kitchen-utensils.s3.ap-southeast-1.amazonaws.com/EOA_41_MP_381a529728.jpg', 'https://kitchen-utensils.s3.ap-southeast-1.amazonaws.com/thumbnail_EOA_41_MP_381a529728.jpg', 'EOA_41_MP_381a529728.jpg', 'image/jpeg', 66181, 1422, 800),
  (463, 'EOA-41-MX.jpg', 5, '2025-11-28T13:32:14.209Z', '2025-11-27T14:21:50.084Z', 'https://kitchen-utensils.s3.ap-southeast-1.amazonaws.com/EOA_41_MX_d1eba1ce95.jpg', 'https://kitchen-utensils.s3.ap-southeast-1.amazonaws.com/thumbnail_EOA_41_MX_d1eba1ce95.jpg', 'EOA_41_MX_d1eba1ce95.jpg', 'image/jpeg', 56627, 1422, 800),
  (464, 'EOA-61-MP.jpg', 5, '2025-11-28T13:31:52.761Z', '2025-11-27T14:21:50.259Z', 'https://kitchen-utensils.s3.ap-southeast-1.amazonaws.com/EOA_61_MP_106c440b35.jpg', 'https://kitchen-utensils.s3.ap-southeast-1.amazonaws.com/thumbnail_EOA_61_MP_106c440b35.jpg', 'EOA_61_MP_106c440b35.jpg', 'image/jpeg', 62546, 1420, 800),
  (465, 'EOA-101-MP.jpg', 5, '2025-11-28T13:31:31.776Z', '2025-11-27T14:21:50.455Z', 'https://kitchen-utensils.s3.ap-southeast-1.amazonaws.com/EOA_101_MP_091ed6d698.jpg', 'https://kitchen-utensils.s3.ap-southeast-1.amazonaws.com/thumbnail_EOA_101_MP_091ed6d698.jpg', 'EOA_101_MP_091ed6d698.jpg', 'image/jpeg', 60467, 1423, 800),
  (466, 'EOA-61-MX.jpg', 5, '2025-11-28T13:31:08.303Z', '2025-11-27T14:21:50.495Z', 'https://kitchen-utensils.s3.ap-southeast-1.amazonaws.com/EOA_61_MX_ce7f240625.jpg', 'https://kitchen-utensils.s3.ap-southeast-1.amazonaws.com/thumbnail_EOA_61_MX_ce7f240625.jpg', 'EOA_61_MX_ce7f240625.jpg', 'image/jpeg', 52306, 1421, 800),
  (467, 'EOA-61-CMP.jpg', 4, '2025-11-28T13:36:26.479Z', '2025-11-27T14:24:42.917Z', 'https://kitchen-utensils.s3.ap-southeast-1.amazonaws.com/EOA_61_CMP_7cc1e6d356.jpg', 'https://kitchen-utensils.s3.ap-southeast-1.amazonaws.com/thumbnail_EOA_61_CMP_7cc1e6d356.jpg', 'EOA_61_CMP_7cc1e6d356.jpg', 'image/jpeg', 66744, 1423, 800),
  (468, 'EOA-61-AC.jpg', 4, '2025-11-28T13:36:04.622Z', '2025-11-27T14:24:43.935Z', 'https://kitchen-utensils.s3.ap-southeast-1.amazonaws.com/EOA_61_AC_2898c43600.jpg', 'https://kitchen-utensils.s3.ap-southeast-1.amazonaws.com/thumbnail_EOA_61_AC_2898c43600.jpg', 'EOA_61_AC_2898c43600.jpg', 'image/jpeg', 67942, 1424, 800),
  (469, 'EOA-101-AC.jpg', 4, '2025-11-28T13:35:39.762Z', '2025-11-27T14:24:44.507Z', 'https://kitchen-utensils.s3.ap-southeast-1.amazonaws.com/EOA_101_AC_e53abf08c1.jpg', 'https://kitchen-utensils.s3.ap-southeast-1.amazonaws.com/thumbnail_EOA_101_AC_e53abf08c1.jpg', 'EOA_101_AC_e53abf08c1.jpg', 'image/jpeg', 60365, 1421, 800),
  (470, 'EOA-101-CMP.jpg', 4, '2025-11-28T13:35:14.101Z', '2025-11-27T14:24:44.875Z', 'https://kitchen-utensils.s3.ap-southeast-1.amazonaws.com/EOA_101_CMP_a381af3975.jpg', 'https://kitchen-utensils.s3.ap-southeast-1.amazonaws.com/thumbnail_EOA_101_CMP_a381af3975.jpg', 'EOA_101_CMP_a381af3975.jpg', 'image/jpeg', 61307, 1422, 800),
  (471, 'EOA-401-AC.jpg', 4, '2025-11-28T13:34:52.142Z', '2025-11-27T14:24:47.032Z', 'https://kitchen-utensils.s3.ap-southeast-1.amazonaws.com/EOA_401_AC_a5e5f78395.jpg', 'https://kitchen-utensils.s3.ap-southeast-1.amazonaws.com/thumbnail_EOA_401_AC_a5e5f78395.jpg', 'EOA_401_AC_a5e5f78395.jpg', 'image/jpeg', 48988, 1421, 800),
  (472, 'EOA-201-AC.jpg', 4, '2025-11-28T13:34:18.873Z', '2025-11-27T14:24:47.452Z', 'https://kitchen-utensils.s3.ap-southeast-1.amazonaws.com/EOA_201_AC_665cb71789.jpg', 'https://kitchen-utensils.s3.ap-southeast-1.amazonaws.com/thumbnail_EOA_201_AC_665cb71789.jpg', 'EOA_201_AC_665cb71789.jpg', 'image/jpeg', 43919, 1422, 800),
  (473, 'EOA-201-CMP.jpg', 4, '2025-11-28T13:34:01.114Z', '2025-11-27T14:24:47.454Z', 'https://kitchen-utensils.s3.ap-southeast-1.amazonaws.com/EOA_201_CMP_0dc66d076b.jpg', 'https://kitchen-utensils.s3.ap-southeast-1.amazonaws.com/thumbnail_EOA_201_CMP_0dc66d076b.jpg', 'EOA_201_CMP_0dc66d076b.jpg', 'image/jpeg', 43510, 1423, 800),
  (474, 'EOA-401-CMP.jpg', 4, '2025-11-28T13:33:36.935Z', '2025-11-27T14:24:47.482Z', 'https://kitchen-utensils.s3.ap-southeast-1.amazonaws.com/EOA_401_CMP_6c7e90e9ed.jpg', 'https://kitchen-utensils.s3.ap-southeast-1.amazonaws.com/thumbnail_EOA_401_CMP_6c7e90e9ed.jpg', 'EOA_401_CMP_6c7e90e9ed.jpg', 'image/jpeg', 49142, 1422, 800),
  (475, 'commercial-waffle-maker-f5.jpg', 31, '2025-11-28T01:20:30.629Z', '2025-11-28T01:17:02.771Z', 'https://kitchen-utensils.s3.ap-southeast-1.amazonaws.com/commercial_waffle_maker_f5_36b324a452.jpg', 'https://kitchen-utensils.s3.ap-southeast-1.amazonaws.com/thumbnail_commercial_waffle_maker_f5_36b324a452.jpg', 'commercial_waffle_maker_f5_36b324a452.jpg', 'image/jpeg', 160184, 1750, 875),
  (476, 'Panini pressing grill.jpg', 33, '2025-11-28T01:27:43.661Z', '2025-11-28T01:27:43.661Z', 'https://kitchen-utensils.s3.ap-southeast-1.amazonaws.com/Panini_pressing_grill_abf60d9a3a.jpg', 'https://kitchen-utensils.s3.ap-southeast-1.amazonaws.com/thumbnail_Panini_pressing_grill_abf60d9a3a.jpg', 'Panini_pressing_grill_abf60d9a3a.jpg', 'image/jpeg', 268503, 2962, 1481),
  (477, 'XGH-811B.jpg', 33, '2025-11-28T03:41:36.011Z', '2025-11-28T03:41:36.011Z', 'https://kitchen-utensils.s3.ap-southeast-1.amazonaws.com/XGH_811_B_073c6257c0.jpg', 'https://kitchen-utensils.s3.ap-southeast-1.amazonaws.com/thumbnail_XGH_811_B_073c6257c0.jpg', 'XGH_811_B_073c6257c0.jpg', 'image/jpeg', 46305, 1422, 800),
  (478, 'XGH-811A.jpg', 33, '2025-11-28T03:41:36.117Z', '2025-11-28T03:41:36.117Z', 'https://kitchen-utensils.s3.ap-southeast-1.amazonaws.com/XGH_811_A_92bffb8093.jpg', 'https://kitchen-utensils.s3.ap-southeast-1.amazonaws.com/thumbnail_XGH_811_A_92bffb8093.jpg', 'XGH_811_A_92bffb8093.jpg', 'image/jpeg', 57969, 1423, 800),
  (479, 'XGH-811EB.jpg', 33, '2025-11-28T03:41:39.253Z', '2025-11-28T03:41:39.253Z', 'https://kitchen-utensils.s3.ap-southeast-1.amazonaws.com/XGH_811_EB_4c52ed07f2.jpg', 'https://kitchen-utensils.s3.ap-southeast-1.amazonaws.com/thumbnail_XGH_811_EB_4c52ed07f2.jpg', 'XGH_811_EB_4c52ed07f2.jpg', 'image/jpeg', 56617, 1422, 800),
  (480, 'XGH-811C.jpg', 33, '2025-11-28T03:41:40.729Z', '2025-11-28T03:41:40.729Z', 'https://kitchen-utensils.s3.ap-southeast-1.amazonaws.com/XGH_811_C_c626afd9dc.jpg', 'https://kitchen-utensils.s3.ap-southeast-1.amazonaws.com/thumbnail_XGH_811_C_c626afd9dc.jpg', 'XGH_811_C_c626afd9dc.jpg', 'image/jpeg', 52009, 1423, 800),
  (481, 'XGH-811EC.jpg', 33, '2025-11-28T03:41:41.73Z', '2025-11-28T03:41:41.73Z', 'https://kitchen-utensils.s3.ap-southeast-1.amazonaws.com/XGH_811_EC_ece85ac78e.jpg', 'https://kitchen-utensils.s3.ap-southeast-1.amazonaws.com/thumbnail_XGH_811_EC_ece85ac78e.jpg', 'XGH_811_EC_ece85ac78e.jpg', 'image/jpeg', 64676, 1423, 800),
  (482, 'XGH-813B.jpg', 33, '2025-11-28T03:41:41.738Z', '2025-11-28T03:41:41.738Z', 'https://kitchen-utensils.s3.ap-southeast-1.amazonaws.com/XGH_813_B_2f60324618.jpg', 'https://kitchen-utensils.s3.ap-southeast-1.amazonaws.com/thumbnail_XGH_813_B_2f60324618.jpg', 'XGH_813_B_2f60324618.jpg', 'image/jpeg', 60477, 1423, 800),
  (483, 'XGH-813C.jpg', 33, '2025-11-28T03:41:41.74Z', '2025-11-28T03:41:41.74Z', 'https://kitchen-utensils.s3.ap-southeast-1.amazonaws.com/XGH_813_C_fef61588a5.jpg', 'https://kitchen-utensils.s3.ap-southeast-1.amazonaws.com/thumbnail_XGH_813_C_fef61588a5.jpg', 'XGH_813_C_fef61588a5.jpg', 'image/jpeg', 75192, 1423, 800),
  (484, 'XGH-813A.jpg', 33, '2025-11-28T03:41:41.758Z', '2025-11-28T03:41:41.758Z', 'https://kitchen-utensils.s3.ap-southeast-1.amazonaws.com/XGH_813_A_cffaffe138.jpg', 'https://kitchen-utensils.s3.ap-southeast-1.amazonaws.com/thumbnail_XGH_813_A_cffaffe138.jpg', 'XGH_813_A_cffaffe138.jpg', 'image/jpeg', 88279, 1422, 800),
  (485, 'XGH-811EA.jpg', 33, '2025-11-28T03:41:41.763Z', '2025-11-28T03:41:41.763Z', 'https://kitchen-utensils.s3.ap-southeast-1.amazonaws.com/XGH_811_EA_a5db135f87.jpg', 'https://kitchen-utensils.s3.ap-southeast-1.amazonaws.com/thumbnail_XGH_811_EA_a5db135f87.jpg', 'XGH_811_EA_a5db135f87.jpg', 'image/jpeg', 68106, 1422, 800),
  (486, 'XGH-813D.jpg', 33, '2025-11-28T03:41:41.783Z', '2025-11-28T03:41:41.783Z', 'https://kitchen-utensils.s3.ap-southeast-1.amazonaws.com/XGH_813_D_a02a760552.jpg', 'https://kitchen-utensils.s3.ap-southeast-1.amazonaws.com/thumbnail_XGH_813_D_a02a760552.jpg', 'XGH_813_D_a02a760552.jpg', 'image/jpeg', 74691, 1422, 800),
  (487, 'XGH-813EB.jpg', 33, '2025-11-28T03:41:41.785Z', '2025-11-28T03:41:41.785Z', 'https://kitchen-utensils.s3.ap-southeast-1.amazonaws.com/XGH_813_EB_9097b45eee.jpg', 'https://kitchen-utensils.s3.ap-southeast-1.amazonaws.com/thumbnail_XGH_813_EB_9097b45eee.jpg', 'XGH_813_EB_9097b45eee.jpg', 'image/jpeg', 76042, 1422, 800),
  (488, 'XGH-813EC.jpg', 33, '2025-11-28T03:41:41.799Z', '2025-11-28T03:41:41.799Z', 'https://kitchen-utensils.s3.ap-southeast-1.amazonaws.com/XGH_813_EC_f0f9cba99a.jpg', 'https://kitchen-utensils.s3.ap-southeast-1.amazonaws.com/thumbnail_XGH_813_EC_f0f9cba99a.jpg', 'XGH_813_EC_f0f9cba99a.jpg', 'image/jpeg', 93768, 1422, 800),
  (489, 'XGH-813EA.jpg', 33, '2025-11-28T03:41:41.806Z', '2025-11-28T03:41:41.806Z', 'https://kitchen-utensils.s3.ap-southeast-1.amazonaws.com/XGH_813_EA_25f358a884.jpg', 'https://kitchen-utensils.s3.ap-southeast-1.amazonaws.com/thumbnail_XGH_813_EA_25f358a884.jpg', 'XGH_813_EA_25f358a884.jpg', 'image/jpeg', 114268, 1422, 800),
  (490, '0851.jpg', 33, '2025-11-28T06:49:08.632Z', '2025-11-28T06:49:08.632Z', 'https://kitchen-utensils.s3.ap-southeast-1.amazonaws.com/0851_a322e24497.jpg', 'https://kitchen-utensils.s3.ap-southeast-1.amazonaws.com/thumbnail_0851_a322e24497.jpg', '0851_a322e24497.jpg', 'image/jpeg', 60805, 1421, 800),
  (491, '0852.jpg', 33, '2025-11-28T06:49:08.635Z', '2025-11-28T06:49:08.635Z', 'https://kitchen-utensils.s3.ap-southeast-1.amazonaws.com/0852_77b18132d7.jpg', 'https://kitchen-utensils.s3.ap-southeast-1.amazonaws.com/thumbnail_0852_77b18132d7.jpg', '0852_77b18132d7.jpg', 'image/jpeg', 71342, 1422, 800),
  (492, 'waffle maker.jpg', 32, '2025-11-28T07:00:26.287Z', '2025-11-28T06:59:10.994Z', 'https://kitchen-utensils.s3.ap-southeast-1.amazonaws.com/waffle_maker_ee6f5e6299.jpg', 'https://kitchen-utensils.s3.ap-southeast-1.amazonaws.com/thumbnail_waffle_maker_ee6f5e6299.jpg', 'waffle_maker_ee6f5e6299.jpg', 'image/jpeg', 65505, 1421, 800),
  (493, 'XZL-10.jpg', 34, '2025-11-28T07:30:30.441Z', '2025-11-28T07:30:30.441Z', 'https://kitchen-utensils.s3.ap-southeast-1.amazonaws.com/XZL_10_08db027a2b.jpg', 'https://kitchen-utensils.s3.ap-southeast-1.amazonaws.com/thumbnail_XZL_10_08db027a2b.jpg', 'XZL_10_08db027a2b.jpg', 'image/jpeg', 54682, 1424, 800),
  (494, 'XZL-12.jpg', 34, '2025-11-28T07:30:31.402Z', '2025-11-28T07:30:31.402Z', 'https://kitchen-utensils.s3.ap-southeast-1.amazonaws.com/XZL_12_aa49bdaae7.jpg', 'https://kitchen-utensils.s3.ap-southeast-1.amazonaws.com/thumbnail_XZL_12_aa49bdaae7.jpg', 'XZL_12_aa49bdaae7.jpg', 'image/jpeg', 45507, 1420, 800),
  (495, 'XZL-16-1A.jpg', 34, '2025-11-28T07:30:32.83Z', '2025-11-28T07:30:32.83Z', 'https://kitchen-utensils.s3.ap-southeast-1.amazonaws.com/XZL_16_1_A_06689455e5.jpg', 'https://kitchen-utensils.s3.ap-southeast-1.amazonaws.com/thumbnail_XZL_16_1_A_06689455e5.jpg', 'XZL_16_1_A_06689455e5.jpg', 'image/jpeg', 52890, 1422, 800),
  (496, 'XZL-16-1.jpg', 34, '2025-11-28T07:30:33.583Z', '2025-11-28T07:30:33.583Z', 'https://kitchen-utensils.s3.ap-southeast-1.amazonaws.com/XZL_16_1_c7cc5773e6.jpg', 'https://kitchen-utensils.s3.ap-southeast-1.amazonaws.com/thumbnail_XZL_16_1_c7cc5773e6.jpg', 'XZL_16_1_c7cc5773e6.jpg', 'image/jpeg', 53985, 1424, 800),
  (497, 'XZL-32-1A.jpg', 34, '2025-11-28T07:30:34.151Z', '2025-11-28T07:30:34.151Z', 'https://kitchen-utensils.s3.ap-southeast-1.amazonaws.com/XZL_32_1_A_e40da59aaf.jpg', 'https://kitchen-utensils.s3.ap-southeast-1.amazonaws.com/thumbnail_XZL_32_1_A_e40da59aaf.jpg', 'XZL_32_1_A_e40da59aaf.jpg', 'image/jpeg', 53494, 1423, 800),
  (498, 'XZL-32-1.jpg', 34, '2025-11-28T07:30:34.159Z', '2025-11-28T07:30:34.159Z', 'https://kitchen-utensils.s3.ap-southeast-1.amazonaws.com/XZL_32_1_1804afb2f6.jpg', 'https://kitchen-utensils.s3.ap-southeast-1.amazonaws.com/thumbnail_XZL_32_1_1804afb2f6.jpg', 'XZL_32_1_1804afb2f6.jpg', 'image/jpeg', 55060, 1424, 800),
  (499, 'XZL-802.jpg', 34, '2025-11-28T07:30:34.163Z', '2025-11-28T07:30:34.163Z', 'https://kitchen-utensils.s3.ap-southeast-1.amazonaws.com/XZL_802_c6e03ac4df.jpg', 'https://kitchen-utensils.s3.ap-southeast-1.amazonaws.com/thumbnail_XZL_802_c6e03ac4df.jpg', 'XZL_802_c6e03ac4df.jpg', 'image/jpeg', 49654, 1423, 800),
  (500, 'XZL-801.jpg', 34, '2025-11-28T07:30:34.169Z', '2025-11-28T07:30:34.169Z', 'https://kitchen-utensils.s3.ap-southeast-1.amazonaws.com/XZL_801_c20f643035.jpg', 'https://kitchen-utensils.s3.ap-southeast-1.amazonaws.com/thumbnail_XZL_801_c20f643035.jpg', 'XZL_801_c20f643035.jpg', 'image/jpeg', 62587, 1424, 800),
  (501, 'XZL-800.jpg', 34, '2025-11-28T07:30:34.172Z', '2025-11-28T07:30:34.172Z', 'https://kitchen-utensils.s3.ap-southeast-1.amazonaws.com/XZL_800_af3a0c9183.jpg', 'https://kitchen-utensils.s3.ap-southeast-1.amazonaws.com/thumbnail_XZL_800_af3a0c9183.jpg', 'XZL_800_af3a0c9183.jpg', 'image/jpeg', 60477, 1425, 800),
  (502, 'XZL-16-2A.jpg', 34, '2025-11-28T07:30:34.18Z', '2025-11-28T07:30:34.18Z', 'https://kitchen-utensils.s3.ap-southeast-1.amazonaws.com/XZL_16_2_A_85e8b2c81a.jpg', 'https://kitchen-utensils.s3.ap-southeast-1.amazonaws.com/thumbnail_XZL_16_2_A_85e8b2c81a.jpg', 'XZL_16_2_A_85e8b2c81a.jpg', 'image/jpeg', 62208, 1423, 800),
  (503, 'XZL-803.jpg', 34, '2025-11-28T07:30:34.193Z', '2025-11-28T07:30:34.193Z', 'https://kitchen-utensils.s3.ap-southeast-1.amazonaws.com/XZL_803_59593c5935.jpg', 'https://kitchen-utensils.s3.ap-southeast-1.amazonaws.com/thumbnail_XZL_803_59593c5935.jpg', 'XZL_803_59593c5935.jpg', 'image/jpeg', 70943, 1424, 800),
  (504, 'XZL-32-2A.jpg', 34, '2025-11-28T07:30:34.202Z', '2025-11-28T07:30:34.202Z', 'https://kitchen-utensils.s3.ap-southeast-1.amazonaws.com/XZL_32_2_A_90b7b034ce.jpg', 'https://kitchen-utensils.s3.ap-southeast-1.amazonaws.com/thumbnail_XZL_32_2_A_90b7b034ce.jpg', 'XZL_32_2_A_90b7b034ce.jpg', 'image/jpeg', 64389, 1424, 800),
  (505, 'XZL-32-2.jpg', 34, '2025-11-28T07:30:34.218Z', '2025-11-28T07:30:34.218Z', 'https://kitchen-utensils.s3.ap-southeast-1.amazonaws.com/XZL_32_2_3c70729f4a.jpg', 'https://kitchen-utensils.s3.ap-southeast-1.amazonaws.com/thumbnail_XZL_32_2_3c70729f4a.jpg', 'XZL_32_2_3c70729f4a.jpg', 'image/jpeg', 73800, 1423, 800),
  (506, 'XZL-16-2.jpg', 34, '2025-11-28T07:30:34.22Z', '2025-11-28T07:30:34.22Z', 'https://kitchen-utensils.s3.ap-southeast-1.amazonaws.com/XZL_16_2_8364c46685.jpg', 'https://kitchen-utensils.s3.ap-southeast-1.amazonaws.com/thumbnail_XZL_16_2_8364c46685.jpg', 'XZL_16_2_8364c46685.jpg', 'image/jpeg', 68854, 1421, 800),
  (507, 'XZL-16.jpg', 34, '2025-11-28T07:30:34.222Z', '2025-11-28T07:30:34.222Z', 'https://kitchen-utensils.s3.ap-southeast-1.amazonaws.com/XZL_16_8166c5724b.jpg', 'https://kitchen-utensils.s3.ap-southeast-1.amazonaws.com/thumbnail_XZL_16_8166c5724b.jpg', 'XZL_16_8166c5724b.jpg', 'image/jpeg', 72571, 1421, 800),
  (508, 'XZL-32.jpg', 34, '2025-11-28T07:30:34.236Z', '2025-11-28T07:30:34.236Z', 'https://kitchen-utensils.s3.ap-southeast-1.amazonaws.com/XZL_32_9e683dfe0e.jpg', 'https://kitchen-utensils.s3.ap-southeast-1.amazonaws.com/thumbnail_XZL_32_9e683dfe0e.jpg', 'XZL_32_9e683dfe0e.jpg', 'image/jpeg', 81613, 1422, 800),
  (509, 'POPCORN MACHINE.jpg', 34, '2025-11-28T07:33:27.861Z', '2025-11-28T07:33:27.861Z', 'https://kitchen-utensils.s3.ap-southeast-1.amazonaws.com/POPCORN_MACHINE_8001caf077.jpg', 'https://kitchen-utensils.s3.ap-southeast-1.amazonaws.com/thumbnail_POPCORN_MACHINE_8001caf077.jpg', 'POPCORN_MACHINE_8001caf077.jpg', 'image/jpeg', 163656, 1423, 800),
  (512, 'XEB-06.jpg', 34, '2025-11-28T07:40:47.691Z', '2025-11-28T07:40:47.691Z', 'https://kitchen-utensils.s3.ap-southeast-1.amazonaws.com/XEB_06_edb6054656.jpg', 'https://kitchen-utensils.s3.ap-southeast-1.amazonaws.com/thumbnail_XEB_06_edb6054656.jpg', 'XEB_06_edb6054656.jpg', 'image/jpeg', 57446, 1422, 800),
  (513, 'XEBB-06.jpg', 34, '2025-11-28T07:40:47.724Z', '2025-11-28T07:40:47.724Z', 'https://kitchen-utensils.s3.ap-southeast-1.amazonaws.com/XEBB_06_7ef60576df.jpg', 'https://kitchen-utensils.s3.ap-southeast-1.amazonaws.com/thumbnail_XEBB_06_7ef60576df.jpg', 'XEBB_06_7ef60576df.jpg', 'image/jpeg', 63642, 1423, 800),
  (514, 'Countertop Gas Griddle_1.jpg', 27, '2025-12-01T07:44:22.389Z', '2025-12-01T07:34:10.558Z', 'https://kitchen-utensils.s3.ap-southeast-1.amazonaws.com/Countertop_Gas_Griddle_1_7fffb7210a.jpg', 'https://kitchen-utensils.s3.ap-southeast-1.amazonaws.com/thumbnail_Countertop_Gas_Griddle_1_7fffb7210a.jpg', 'Countertop_Gas_Griddle_1_7fffb7210a.jpg', 'image/jpeg', 95959, 1750, 875),
  (515, 'Countertop Electric Griddle_1.jpg', 27, '2025-12-01T07:44:07.455Z', '2025-12-01T07:34:21.8Z', 'https://kitchen-utensils.s3.ap-southeast-1.amazonaws.com/Countertop_Electric_Griddle_1_67e920c325.jpg', 'https://kitchen-utensils.s3.ap-southeast-1.amazonaws.com/thumbnail_Countertop_Electric_Griddle_1_67e920c325.jpg', 'Countertop_Electric_Griddle_1_67e920c325.jpg', 'image/jpeg', 95959, 1750, 875),
  (516, '1.jpg', 34, '2025-12-01T09:00:15.437Z', '2025-12-01T09:00:15.437Z', 'https://kitchen-utensils.s3.ap-southeast-1.amazonaws.com/1_1918083ff1.jpg', 'https://kitchen-utensils.s3.ap-southeast-1.amazonaws.com/thumbnail_1_1918083ff1.jpg', '1_1918083ff1.jpg', 'image/jpeg', 155853, 1423, 800),
  (517, 'XEB-06A.jpg', 34, '2025-12-01T09:02:45.873Z', '2025-12-01T09:02:45.873Z', 'https://kitchen-utensils.s3.ap-southeast-1.amazonaws.com/XEB_06_A_fc0e019a6c.jpg', 'https://kitchen-utensils.s3.ap-southeast-1.amazonaws.com/thumbnail_XEB_06_A_fc0e019a6c.jpg', 'XEB_06_A_fc0e019a6c.jpg', 'image/jpeg', 61348, 1422, 800),
  (526, 'EOA-81FA.png', 35, '2025-12-02T02:07:33.795Z', '2025-12-01T09:31:46.31Z', 'https://kitchen-utensils.s3.ap-southeast-1.amazonaws.com/EOA_81_FA_86074d76bc.png', 'https://kitchen-utensils.s3.ap-southeast-1.amazonaws.com/thumbnail_EOA_81_FA_86074d76bc.png', 'EOA_81_FA_86074d76bc.png', 'image/png', 189389, 1423, 800),
  (527, 'EOA-81F.png', 35, '2025-12-02T02:07:20.687Z', '2025-12-01T09:31:46.374Z', 'https://kitchen-utensils.s3.ap-southeast-1.amazonaws.com/EOA_81_F_c5925f79a6.png', 'https://kitchen-utensils.s3.ap-southeast-1.amazonaws.com/thumbnail_EOA_81_F_c5925f79a6.png', 'EOA_81_F_c5925f79a6.png', 'image/png', 191928, 1424, 800),
  (528, 'EOA-51FA.png', 35, '2025-12-02T02:07:04.845Z', '2025-12-01T09:31:46.826Z', 'https://kitchen-utensils.s3.ap-southeast-1.amazonaws.com/EOA_51_FA_a91307e886.png', 'https://kitchen-utensils.s3.ap-southeast-1.amazonaws.com/thumbnail_EOA_51_FA_a91307e886.png', 'EOA_51_FA_a91307e886.png', 'image/png', 215224, 1423, 800),
  (529, 'EOA-51F.png', 35, '2025-12-02T02:06:48.853Z', '2025-12-01T09:31:47.327Z', 'https://kitchen-utensils.s3.ap-southeast-1.amazonaws.com/EOA_51_F_6aded218da.png', 'https://kitchen-utensils.s3.ap-southeast-1.amazonaws.com/thumbnail_EOA_51_F_6aded218da.png', 'EOA_51_F_6aded218da.png', 'image/png', 218962, 1422, 800),
  (535, 'Robertshaw.jpg', 36, '2025-12-01T14:10:28.092Z', '2025-12-01T14:10:28.092Z', 'https://kitchen-utensils.s3.ap-southeast-1.amazonaws.com/Robertshaw_ecdcca4c7b.jpg', 'https://kitchen-utensils.s3.ap-southeast-1.amazonaws.com/thumbnail_Robertshaw_ecdcca4c7b.jpg', 'Robertshaw_ecdcca4c7b.jpg', 'image/jpeg', 1039247, 6720, 4480),
  (536, 'Slice Toaster.jpg', 36, '2025-12-01T14:10:31.937Z', '2025-12-01T14:10:31.937Z', 'https://kitchen-utensils.s3.ap-southeast-1.amazonaws.com/Slice_Toaster_3a68b7c746.jpg', 'https://kitchen-utensils.s3.ap-southeast-1.amazonaws.com/thumbnail_Slice_Toaster_3a68b7c746.jpg', 'Slice_Toaster_3a68b7c746.jpg', 'image/jpeg', 1148314, 6720, 4480),
  (537, 'Waffle Maker.jpg', 36, '2025-12-01T14:10:44.902Z', '2025-12-01T14:10:44.902Z', 'https://kitchen-utensils.s3.ap-southeast-1.amazonaws.com/Waffle_Maker_671f56fecc.jpg', 'https://kitchen-utensils.s3.ap-southeast-1.amazonaws.com/thumbnail_Waffle_Maker_671f56fecc.jpg', 'Waffle_Maker_671f56fecc.jpg', 'image/jpeg', 1505311, 6720, 4480),
  (538, 'Conveyor Toaster.jpg', 36, '2025-12-01T14:10:54.7Z', '2025-12-01T14:10:54.7Z', 'https://kitchen-utensils.s3.ap-southeast-1.amazonaws.com/Conveyor_Toaster_db79a17b10.jpg', 'https://kitchen-utensils.s3.ap-southeast-1.amazonaws.com/thumbnail_Conveyor_Toaster_db79a17b10.jpg', 'Conveyor_Toaster_db79a17b10.jpg', 'image/jpeg', 1310013, 6720, 4480),
  (539, '7N5A3501.jpg', 36, '2025-12-01T14:11:02.949Z', '2025-12-01T14:11:02.949Z', 'https://kitchen-utensils.s3.ap-southeast-1.amazonaws.com/7_N5_A3501_126cb7b45c.jpg', 'https://kitchen-utensils.s3.ap-southeast-1.amazonaws.com/thumbnail_7_N5_A3501_126cb7b45c.jpg', '7_N5_A3501_126cb7b45c.jpg', 'image/jpeg', 2777375, 6720, 4480),
  (542, '_62821ce92c.webp', 36, '2025-12-01T17:08:03.33Z', '2025-12-01T17:08:03.33Z', 'https://kitchen-utensils.s3.ap-southeast-1.amazonaws.com/62821ce92c_215617842b.webp', 'https://kitchen-utensils.s3.ap-southeast-1.amazonaws.com/thumbnail_62821ce92c_215617842b.webp', '62821ce92c_215617842b.webp', 'image/webp', 868362, 5446, 2631),
  (545, 'Convection Oven-Pressing Control.jpg', 35, '2025-12-02T02:07:55.385Z', '2025-12-02T02:07:55.385Z', 'https://kitchen-utensils.s3.ap-southeast-1.amazonaws.com/Convection_Oven_Pressing_Control_240013de42.jpg', 'https://kitchen-utensils.s3.ap-southeast-1.amazonaws.com/thumbnail_Convection_Oven_Pressing_Control_240013de42.jpg', 'Convection_Oven_Pressing_Control_240013de42.jpg', 'image/jpeg', 112200, 1750, 875),
  (546, 'Convection Oven-Touch Control.jpg', 35, '2025-12-02T02:13:59.246Z', '2025-12-02T02:08:36.951Z', 'https://kitchen-utensils.s3.ap-southeast-1.amazonaws.com/Convection_Oven_Touch_Control_6d65aabbf2.jpg', 'https://kitchen-utensils.s3.ap-southeast-1.amazonaws.com/thumbnail_Convection_Oven_Touch_Control_6d65aabbf2.jpg', 'Convection_Oven_Touch_Control_6d65aabbf2.jpg', 'image/jpeg', 102451, 1750, 875),
  (547, 'C2002-1,2,3,4,5,6.jpg', 37, '2025-12-02T06:08:39.845Z', '2025-12-02T06:08:39.845Z', 'https://kitchen-utensils.s3.ap-southeast-1.amazonaws.com/C2002_1_2_3_4_5_6_76bbaeb352.jpg', 'https://kitchen-utensils.s3.ap-southeast-1.amazonaws.com/thumbnail_C2002_1_2_3_4_5_6_76bbaeb352.jpg', 'C2002_1_2_3_4_5_6_76bbaeb352.jpg', 'image/jpeg', 195707, 2701, 1520),
  (548, 'C2002-1,2,3,4,5,6.jpg', 37, '2025-12-02T06:08:55.52Z', '2025-12-02T06:08:55.52Z', 'https://kitchen-utensils.s3.ap-southeast-1.amazonaws.com/C2002_1_2_3_4_5_6_db8aea60c4.jpg', 'https://kitchen-utensils.s3.ap-southeast-1.amazonaws.com/thumbnail_C2002_1_2_3_4_5_6_db8aea60c4.jpg', 'C2002_1_2_3_4_5_6_db8aea60c4.jpg', 'image/jpeg', 195707, 2701, 1520),
  (549, 'DSZ25.jpg', 38, '2025-12-02T06:14:23.344Z', '2025-12-02T06:14:23.344Z', 'https://kitchen-utensils.s3.ap-southeast-1.amazonaws.com/DSZ_25_b69d898f66.jpg', 'https://kitchen-utensils.s3.ap-southeast-1.amazonaws.com/thumbnail_DSZ_25_b69d898f66.jpg', 'DSZ_25_b69d898f66.jpg', 'image/jpeg', 129884, 2272, 1278),
  (550, 'DZZ36.jpg', 38, '2025-12-02T06:14:24.18Z', '2025-12-02T06:14:24.18Z', 'https://kitchen-utensils.s3.ap-southeast-1.amazonaws.com/DZZ_36_143d4908f4.jpg', 'https://kitchen-utensils.s3.ap-southeast-1.amazonaws.com/thumbnail_DZZ_36_143d4908f4.jpg', 'DZZ_36_143d4908f4.jpg', 'image/jpeg', 117586, 1840, 1035),
  (551, 'DZZ29.jpg', 38, '2025-12-02T06:14:24.335Z', '2025-12-02T06:14:24.335Z', 'https://kitchen-utensils.s3.ap-southeast-1.amazonaws.com/DZZ_29_01fe9dcb91.jpg', 'https://kitchen-utensils.s3.ap-southeast-1.amazonaws.com/thumbnail_DZZ_29_01fe9dcb91.jpg', 'DZZ_29_01fe9dcb91.jpg', 'image/jpeg', 122665, 2193, 1234),
  (552, 'DZZ96.jpg', 38, '2025-12-02T06:14:24.399Z', '2025-12-02T06:14:24.399Z', 'https://kitchen-utensils.s3.ap-southeast-1.amazonaws.com/DZZ_96_3ed959aa33.jpg', 'https://kitchen-utensils.s3.ap-southeast-1.amazonaws.com/thumbnail_DZZ_96_3ed959aa33.jpg', 'DZZ_96_3ed959aa33.jpg', 'image/jpeg', 124580, 1990, 1119),
  (553, 'Funnel Cakes.jpg', 38, '2025-12-02T06:14:24.767Z', '2025-12-02T06:14:24.767Z', 'https://kitchen-utensils.s3.ap-southeast-1.amazonaws.com/Funnel_Cakes_6e2cdc5056.jpg', 'https://kitchen-utensils.s3.ap-southeast-1.amazonaws.com/thumbnail_Funnel_Cakes_6e2cdc5056.jpg', 'Funnel_Cakes_6e2cdc5056.jpg', 'image/jpeg', 143575, 2484, 1397),
  (554, 'CT0103.jpg', 39, '2025-12-02T06:15:24.349Z', '2025-12-02T06:15:24.349Z', 'https://kitchen-utensils.s3.ap-southeast-1.amazonaws.com/CT_0103_d821108b51.jpg', 'https://kitchen-utensils.s3.ap-southeast-1.amazonaws.com/thumbnail_CT_0103_d821108b51.jpg', 'CT_0103_d821108b51.jpg', 'image/jpeg', 106578, 1967, 1106),
  (555, 'CT08.jpg', 39, '2025-12-02T06:15:24.874Z', '2025-12-02T06:15:24.874Z', 'https://kitchen-utensils.s3.ap-southeast-1.amazonaws.com/CT_08_ba32494f23.jpg', 'https://kitchen-utensils.s3.ap-southeast-1.amazonaws.com/thumbnail_CT_08_ba32494f23.jpg', 'CT_08_ba32494f23.jpg', 'image/jpeg', 138936, 2847, 1601),
  (556, 'Filled Food.jpg', 39, '2025-12-02T06:15:25.916Z', '2025-12-02T06:15:25.916Z', 'https://kitchen-utensils.s3.ap-southeast-1.amazonaws.com/Filled_Food_990dc792c3.jpg', 'https://kitchen-utensils.s3.ap-southeast-1.amazonaws.com/thumbnail_Filled_Food_990dc792c3.jpg', 'Filled_Food_990dc792c3.jpg', 'image/jpeg', 166799, 2745, 1545),
  (557, 'RSZ17.jpg', 40, '2025-12-02T06:15:59.858Z', '2025-12-02T06:15:59.858Z', 'https://kitchen-utensils.s3.ap-southeast-1.amazonaws.com/RSZ_17_9228aa41f3.jpg', 'https://kitchen-utensils.s3.ap-southeast-1.amazonaws.com/thumbnail_RSZ_17_9228aa41f3.jpg', 'RSZ_17_9228aa41f3.jpg', 'image/jpeg', 82565, 1630, 917),
  (558, 'RSZ23L.jpg', 40, '2025-12-02T06:16:00.501Z', '2025-12-02T06:16:00.501Z', 'https://kitchen-utensils.s3.ap-southeast-1.amazonaws.com/RSZ_23_L_9f24119ed7.jpg', 'https://kitchen-utensils.s3.ap-southeast-1.amazonaws.com/thumbnail_RSZ_23_L_9f24119ed7.jpg', 'RSZ_23_L_9f24119ed7.jpg', 'image/jpeg', 116214, 2450, 1378),
  (559, 'Funnel Cakes.jpg', 40, '2025-12-02T06:16:01.878Z', '2025-12-02T06:16:01.878Z', 'https://kitchen-utensils.s3.ap-southeast-1.amazonaws.com/Funnel_Cakes_a2e4ba5ad1.jpg', 'https://kitchen-utensils.s3.ap-southeast-1.amazonaws.com/thumbnail_Funnel_Cakes_a2e4ba5ad1.jpg', 'Funnel_Cakes_a2e4ba5ad1.jpg', 'image/jpeg', 142049, 2484, 1397),
  (560, 'DRZ32.jpg', 40, '2025-12-02T06:16:01.964Z', '2025-12-02T06:16:01.964Z', 'https://kitchen-utensils.s3.ap-southeast-1.amazonaws.com/DRZ_32_7777739960.jpg', 'https://kitchen-utensils.s3.ap-southeast-1.amazonaws.com/thumbnail_DRZ_32_7777739960.jpg', 'DRZ_32_7777739960.jpg', 'image/jpeg', 162796, 2105, 1184),
  (561, 'TC24A.jpg', 41, '2025-12-02T06:16:56.015Z', '2025-12-02T06:16:56.015Z', 'https://kitchen-utensils.s3.ap-southeast-1.amazonaws.com/TC_24_A_904608ada1.jpg', 'https://kitchen-utensils.s3.ap-southeast-1.amazonaws.com/thumbnail_TC_24_A_904608ada1.jpg', 'TC_24_A_904608ada1.jpg', 'image/jpeg', 124498, 2490, 1401),
  (562, 'D2013-8.jpg', 41, '2025-12-02T06:16:56.066Z', '2025-12-02T06:16:56.066Z', 'https://kitchen-utensils.s3.ap-southeast-1.amazonaws.com/D2013_8_afd993481e.jpg', 'https://kitchen-utensils.s3.ap-southeast-1.amazonaws.com/thumbnail_D2013_8_afd993481e.jpg', 'D2013_8_afd993481e.jpg', 'image/jpeg', 120166, 2609, 1467),
  (563, 'TC24B.jpg', 41, '2025-12-02T06:16:57.069Z', '2025-12-02T06:16:57.069Z', 'https://kitchen-utensils.s3.ap-southeast-1.amazonaws.com/TC_24_B_1f7786e738.jpg', 'https://kitchen-utensils.s3.ap-southeast-1.amazonaws.com/thumbnail_TC_24_B_1f7786e738.jpg', 'TC_24_B_1f7786e738.jpg', 'image/jpeg', 208189, 3152, 1773),
  (564, 'D2013-30.jpg', 41, '2025-12-02T06:16:57.354Z', '2025-12-02T06:16:57.354Z', 'https://kitchen-utensils.s3.ap-southeast-1.amazonaws.com/D2013_30_26b314997e.jpg', 'https://kitchen-utensils.s3.ap-southeast-1.amazonaws.com/thumbnail_D2013_30_26b314997e.jpg', 'D2013_30_26b314997e.jpg', 'image/jpeg', 181770, 2945, 1656),
  (565, 'TC8KG.jpg', 41, '2025-12-02T06:16:57.981Z', '2025-12-02T06:16:57.981Z', 'https://kitchen-utensils.s3.ap-southeast-1.amazonaws.com/TC_8_KG_d3893c42d1.jpg', 'https://kitchen-utensils.s3.ap-southeast-1.amazonaws.com/thumbnail_TC_8_KG_d3893c42d1.jpg', 'TC_8_KG_d3893c42d1.jpg', 'image/jpeg', 299981, 3557, 2001),
  (566, 'CCM-02.jpg', 42, '2025-12-02T06:18:09.875Z', '2025-12-02T06:18:09.875Z', 'https://kitchen-utensils.s3.ap-southeast-1.amazonaws.com/CCM_02_29f74a10f2.jpg', 'https://kitchen-utensils.s3.ap-southeast-1.amazonaws.com/thumbnail_CCM_02_29f74a10f2.jpg', 'CCM_02_29f74a10f2.jpg', 'image/jpeg', 127672, 2538, 1428),
  (567, 'CCM-03.jpg', 42, '2025-12-02T06:18:10.734Z', '2025-12-02T06:18:10.734Z', 'https://kitchen-utensils.s3.ap-southeast-1.amazonaws.com/CCM_03_9ed35fc4e0.jpg', 'https://kitchen-utensils.s3.ap-southeast-1.amazonaws.com/thumbnail_CCM_03_9ed35fc4e0.jpg', 'CCM_03_9ed35fc4e0.jpg', 'image/jpeg', 132598, 2521, 1418),
  (568, 'CCM-01.jpg', 42, '2025-12-02T06:18:10.78Z', '2025-12-02T06:18:10.78Z', 'https://kitchen-utensils.s3.ap-southeast-1.amazonaws.com/CCM_01_b5dd4bff8f.jpg', 'https://kitchen-utensils.s3.ap-southeast-1.amazonaws.com/thumbnail_CCM_01_b5dd4bff8f.jpg', 'CCM_01_b5dd4bff8f.jpg', 'image/jpeg', 129075, 2538, 1428),
  (569, 'CCM-02W.jpg', 42, '2025-12-02T06:18:10.952Z', '2025-12-02T06:18:10.952Z', 'https://kitchen-utensils.s3.ap-southeast-1.amazonaws.com/CCM_02_W_f54b58830c.jpg', 'https://kitchen-utensils.s3.ap-southeast-1.amazonaws.com/thumbnail_CCM_02_W_f54b58830c.jpg', 'CCM_02_W_f54b58830c.jpg', 'image/jpeg', 149371, 3053, 1717),
  (570, '650.png', 29, '2025-12-02T06:18:53.826Z', '2025-12-02T06:18:53.826Z', 'https://kitchen-utensils.s3.ap-southeast-1.amazonaws.com/650_cfcfc807a1.png', 'https://kitchen-utensils.s3.ap-southeast-1.amazonaws.com/thumbnail_650_cfcfc807a1.png', '650_cfcfc807a1.png', 'image/png', 57405, 772, 523),
  (571, '820.png', 29, '2025-12-02T06:18:53.934Z', '2025-12-02T06:18:53.934Z', 'https://kitchen-utensils.s3.ap-southeast-1.amazonaws.com/820_cac5917fa4.png', 'https://kitchen-utensils.s3.ap-southeast-1.amazonaws.com/thumbnail_820_cac5917fa4.png', '820_cac5917fa4.png', 'image/png', 40550, 659, 344),
  (572, '830.png', 29, '2025-12-02T06:18:55.373Z', '2025-12-02T06:18:55.373Z', 'https://kitchen-utensils.s3.ap-southeast-1.amazonaws.com/830_315189deac.png', 'https://kitchen-utensils.s3.ap-southeast-1.amazonaws.com/thumbnail_830_315189deac.png', '830_315189deac.png', 'image/png', 71117, 966, 515),
  (573, '822.png', 29, '2025-12-02T06:18:55.452Z', '2025-12-02T06:18:55.452Z', 'https://kitchen-utensils.s3.ap-southeast-1.amazonaws.com/822_7efd28c969.png', 'https://kitchen-utensils.s3.ap-southeast-1.amazonaws.com/thumbnail_822_7efd28c969.png', '822_7efd28c969.png', 'image/png', 48527, 646, 364),
  (574, '920.png', 29, '2025-12-02T06:18:55.577Z', '2025-12-02T06:18:55.577Z', 'https://kitchen-utensils.s3.ap-southeast-1.amazonaws.com/920_bf4e860a3e.png', 'https://kitchen-utensils.s3.ap-southeast-1.amazonaws.com/thumbnail_920_bf4e860a3e.png', '920_bf4e860a3e.png', 'image/png', 52142, 699, 500),
  (575, '821.png', 29, '2025-12-02T06:18:55.623Z', '2025-12-02T06:18:55.623Z', 'https://kitchen-utensils.s3.ap-southeast-1.amazonaws.com/821_22412c3866.png', 'https://kitchen-utensils.s3.ap-southeast-1.amazonaws.com/thumbnail_821_22412c3866.png', '821_22412c3866.png', 'image/png', 57303, 635, 376),
  (576, '851.png', 29, '2025-12-02T06:18:55.69Z', '2025-12-02T06:18:55.69Z', 'https://kitchen-utensils.s3.ap-southeast-1.amazonaws.com/851_5f6fbb9993.png', 'https://kitchen-utensils.s3.ap-southeast-1.amazonaws.com/thumbnail_851_5f6fbb9993.png', '851_5f6fbb9993.png', 'image/png', 75418, 654, 493),
  (577, '922.png', 29, '2025-12-02T06:18:55.757Z', '2025-12-02T06:18:55.757Z', 'https://kitchen-utensils.s3.ap-southeast-1.amazonaws.com/922_3f7e53725a.png', 'https://kitchen-utensils.s3.ap-southeast-1.amazonaws.com/thumbnail_922_3f7e53725a.png', '922_3f7e53725a.png', 'image/png', 70236, 652, 489),
  (578, '818-818A.png', 29, '2025-12-02T06:18:56.016Z', '2025-12-02T06:18:56.016Z', 'https://kitchen-utensils.s3.ap-southeast-1.amazonaws.com/818_818_A_9bb688a448.png', 'https://kitchen-utensils.s3.ap-southeast-1.amazonaws.com/thumbnail_818_818_A_9bb688a448.png', '818_818_A_9bb688a448.png', 'image/png', 97884, 1130, 708),
  (579, '824-836-848.png', 29, '2025-12-02T07:34:10.944Z', '2025-12-02T06:18:56.341Z', 'https://kitchen-utensils.s3.ap-southeast-1.amazonaws.com/824_836_848_556248ecf8.png', 'https://kitchen-utensils.s3.ap-southeast-1.amazonaws.com/thumbnail_824_836_848_556248ecf8.png', '824_836_848_556248ecf8.png', 'image/png', 146340, 1420, 800),
  (580, 'CF28_2.jpg', 43, '2025-12-02T06:18:56.694Z', '2025-12-02T06:18:56.694Z', 'https://kitchen-utensils.s3.ap-southeast-1.amazonaws.com/CF_28_2_824e3850e4.jpg', 'https://kitchen-utensils.s3.ap-southeast-1.amazonaws.com/thumbnail_CF_28_2_824e3850e4.jpg', 'CF_28_2_824e3850e4.jpg', 'image/jpeg', 105175, 1976, 1112),
  (581, 'CF28_1.jpg', 43, '2025-12-02T06:18:58.597Z', '2025-12-02T06:18:58.597Z', 'https://kitchen-utensils.s3.ap-southeast-1.amazonaws.com/CF_28_1_6333ef492e.jpg', 'https://kitchen-utensils.s3.ap-southeast-1.amazonaws.com/thumbnail_CF_28_1_6333ef492e.jpg', 'CF_28_1_6333ef492e.jpg', 'image/jpeg', 169851, 2816, 1584),
  (582, 'CF28-4,5,6,7.jpg', 43, '2025-12-02T06:18:59.022Z', '2025-12-02T06:18:59.022Z', 'https://kitchen-utensils.s3.ap-southeast-1.amazonaws.com/CF_28_4_5_6_7_59867b5cff.jpg', 'https://kitchen-utensils.s3.ap-southeast-1.amazonaws.com/thumbnail_CF_28_4_5_6_7_59867b5cff.jpg', 'CF_28_4_5_6_7_59867b5cff.jpg', 'image/jpeg', 215869, 2974, 1673),
  (583, 'TS-102AR.jpg', 44, '2025-12-02T06:19:41.056Z', '2025-12-02T06:19:41.056Z', 'https://kitchen-utensils.s3.ap-southeast-1.amazonaws.com/TS_102_AR_d6da90c397.jpg', 'https://kitchen-utensils.s3.ap-southeast-1.amazonaws.com/thumbnail_TS_102_AR_d6da90c397.jpg', 'TS_102_AR_d6da90c397.jpg', 'image/jpeg', 131809, 2402, 1351),
  (584, 'TS-102BR.jpg', 44, '2025-12-02T06:19:41.118Z', '2025-12-02T06:19:41.118Z', 'https://kitchen-utensils.s3.ap-southeast-1.amazonaws.com/TS_102_BR_7e4a176972.jpg', 'https://kitchen-utensils.s3.ap-southeast-1.amazonaws.com/thumbnail_TS_102_BR_7e4a176972.jpg', 'TS_102_BR_7e4a176972.jpg', 'image/jpeg', 127949, 2588, 1456),
  (585, 'TS-103BR.jpg', 44, '2025-12-02T06:19:41.655Z', '2025-12-02T06:19:41.655Z', 'https://kitchen-utensils.s3.ap-southeast-1.amazonaws.com/TS_103_BR_54052df795.jpg', 'https://kitchen-utensils.s3.ap-southeast-1.amazonaws.com/thumbnail_TS_103_BR_54052df795.jpg', 'TS_103_BR_54052df795.jpg', 'image/jpeg', 128000, 2766, 1556),
  (586, 'TS-103AR.jpg', 44, '2025-12-02T06:19:41.774Z', '2025-12-02T06:19:41.774Z', 'https://kitchen-utensils.s3.ap-southeast-1.amazonaws.com/TS_103_AR_9a3b7f4a83.jpg', 'https://kitchen-utensils.s3.ap-southeast-1.amazonaws.com/thumbnail_TS_103_AR_9a3b7f4a83.jpg', 'TS_103_AR_9a3b7f4a83.jpg', 'image/jpeg', 124037, 2628, 1478),
  (587, 'TS-100R.jpg', 44, '2025-12-02T06:19:41.985Z', '2025-12-02T06:19:41.985Z', 'https://kitchen-utensils.s3.ap-southeast-1.amazonaws.com/TS_100_R_d0283be2e5.jpg', 'https://kitchen-utensils.s3.ap-southeast-1.amazonaws.com/thumbnail_TS_100_R_d0283be2e5.jpg', 'TS_100_R_d0283be2e5.jpg', 'image/jpeg', 155034, 2293, 1290),
  (588, 'JNG-3L, 5L, 7L.jpg', 45, '2025-12-02T06:20:30.035Z', '2025-12-02T06:20:30.035Z', 'https://kitchen-utensils.s3.ap-southeast-1.amazonaws.com/JNG_3_L_5_L_7_L_9fc64aad7d.jpg', 'https://kitchen-utensils.s3.ap-southeast-1.amazonaws.com/thumbnail_JNG_3_L_5_L_7_L_9fc64aad7d.jpg', 'JNG_3_L_5_L_7_L_9fc64aad7d.jpg', 'image/jpeg', 34386, 1423, 800),
  (589, 'LDG-3L, 5L, 7L, 10L.jpg', 45, '2025-12-02T06:20:30.372Z', '2025-12-02T06:20:30.372Z', 'https://kitchen-utensils.s3.ap-southeast-1.amazonaws.com/LDG_3_L_5_L_7_L_10_L_187606ae09.jpg', 'https://kitchen-utensils.s3.ap-southeast-1.amazonaws.com/thumbnail_LDG_3_L_5_L_7_L_10_L_187606ae09.jpg', 'LDG_3_L_5_L_7_L_10_L_187606ae09.jpg', 'image/jpeg', 42383, 1422, 800),
  (590, 'DDG-10L, 12L, 15L.jpg', 45, '2025-12-02T06:20:30.534Z', '2025-12-02T06:20:30.534Z', 'https://kitchen-utensils.s3.ap-southeast-1.amazonaws.com/DDG_10_L_12_L_15_L_1d872c43dc.jpg', 'https://kitchen-utensils.s3.ap-southeast-1.amazonaws.com/thumbnail_DDG_10_L_12_L_15_L_1d872c43dc.jpg', 'DDG_10_L_12_L_15_L_1d872c43dc.jpg', 'image/jpeg', 42199, 1422, 800),
  (591, 'YouTiao Food.jpg', 45, '2025-12-02T06:20:30.762Z', '2025-12-02T06:20:30.762Z', 'https://kitchen-utensils.s3.ap-southeast-1.amazonaws.com/You_Tiao_Food_f27f6b5d23.jpg', 'https://kitchen-utensils.s3.ap-southeast-1.amazonaws.com/thumbnail_You_Tiao_Food_f27f6b5d23.jpg', 'You_Tiao_Food_f27f6b5d23.jpg', 'image/jpeg', 68782, 1422, 800),
  (592, 'DDG-10L, 12L, 15L.jpg', 45, '2025-12-02T06:23:04.123Z', '2025-12-02T06:23:04.123Z', 'https://kitchen-utensils.s3.ap-southeast-1.amazonaws.com/DDG_10_L_12_L_15_L_ba56d9556e.jpg', 'https://kitchen-utensils.s3.ap-southeast-1.amazonaws.com/thumbnail_DDG_10_L_12_L_15_L_ba56d9556e.jpg', 'DDG_10_L_12_L_15_L_ba56d9556e.jpg', 'image/jpeg', 42199, 1422, 800),
  (593, 'TS-MD02 Set.jpg', 47, '2025-12-02T06:47:45.116Z', '2025-12-02T06:47:45.116Z', 'https://kitchen-utensils.s3.ap-southeast-1.amazonaws.com/TS_MD_02_Set_7fb25074ca.jpg', 'https://kitchen-utensils.s3.ap-southeast-1.amazonaws.com/thumbnail_TS_MD_02_Set_7fb25074ca.jpg', 'TS_MD_02_Set_7fb25074ca.jpg', 'image/jpeg', 101796, 2360, 1328),
  (594, 'TS-ED02 Set.jpg', 47, '2025-12-02T06:47:45.975Z', '2025-12-02T06:47:45.975Z', 'https://kitchen-utensils.s3.ap-southeast-1.amazonaws.com/TS_ED_02_Set_e3b169115f.jpg', 'https://kitchen-utensils.s3.ap-southeast-1.amazonaws.com/thumbnail_TS_ED_02_Set_e3b169115f.jpg', 'TS_ED_02_Set_e3b169115f.jpg', 'image/jpeg', 115057, 2530, 1423),
  (595, 'TS Tooling Set.jpg', 47, '2025-12-02T06:47:46.437Z', '2025-12-02T06:47:46.437Z', 'https://kitchen-utensils.s3.ap-southeast-1.amazonaws.com/TS_Tooling_Set_675605aa6d.jpg', 'https://kitchen-utensils.s3.ap-southeast-1.amazonaws.com/thumbnail_TS_Tooling_Set_675605aa6d.jpg', 'TS_Tooling_Set_675605aa6d.jpg', 'image/jpeg', 113592, 2717, 1528),
  (596, 'L4F24SCX.jpg', 47, '2025-12-02T06:47:46.943Z', '2025-12-02T06:47:46.943Z', 'https://kitchen-utensils.s3.ap-southeast-1.amazonaws.com/L4_F24_SCX_7098897a8b.jpg', 'https://kitchen-utensils.s3.ap-southeast-1.amazonaws.com/thumbnail_L4_F24_SCX_7098897a8b.jpg', 'L4_F24_SCX_7098897a8b.jpg', 'image/jpeg', 180306, 3140, 1766),
  (597, 'L4F24SCX with Proofer Cabinet.jpg', 47, '2025-12-02T06:47:47.071Z', '2025-12-02T06:47:47.071Z', 'https://kitchen-utensils.s3.ap-southeast-1.amazonaws.com/L4_F24_SCX_with_Proofer_Cabinet_23e29ea22c.jpg', 'https://kitchen-utensils.s3.ap-southeast-1.amazonaws.com/thumbnail_L4_F24_SCX_with_Proofer_Cabinet_23e29ea22c.jpg', 'L4_F24_SCX_with_Proofer_Cabinet_23e29ea22c.jpg', 'image/jpeg', 182374, 3134, 1762),
  (598, '4x25mm Tooling set.jpg', 48, '2025-12-02T06:48:08Z', '2025-12-02T06:48:08Z', 'https://kitchen-utensils.s3.ap-southeast-1.amazonaws.com/4x25mm_Tooling_set_1398879879.jpg', 'https://kitchen-utensils.s3.ap-southeast-1.amazonaws.com/thumbnail_4x25mm_Tooling_set_1398879879.jpg', '4x25mm_Tooling_set_1398879879.jpg', 'image/jpeg', 32246, 1167, 657),
  (599, 'LBD4_1.jpg', 48, '2025-12-02T06:48:08.619Z', '2025-12-02T06:48:08.619Z', 'https://kitchen-utensils.s3.ap-southeast-1.amazonaws.com/LBD_4_1_8d0c936b56.jpg', 'https://kitchen-utensils.s3.ap-southeast-1.amazonaws.com/thumbnail_LBD_4_1_8d0c936b56.jpg', 'LBD_4_1_8d0c936b56.jpg', 'image/jpeg', 112282, 2322, 1306),
  (600, 'LBD4_2.jpg', 48, '2025-12-02T06:48:09.017Z', '2025-12-02T06:48:09.017Z', 'https://kitchen-utensils.s3.ap-southeast-1.amazonaws.com/LBD_4_2_a31812f361.jpg', 'https://kitchen-utensils.s3.ap-southeast-1.amazonaws.com/thumbnail_LBD_4_2_a31812f361.jpg', 'LBD_4_2_a31812f361.jpg', 'image/jpeg', 129075, 2440, 1373),
  (601, '6x25mm Tooling Set.jpg', 49, '2025-12-02T06:48:42.476Z', '2025-12-02T06:48:42.476Z', 'https://kitchen-utensils.s3.ap-southeast-1.amazonaws.com/6x25mm_Tooling_Set_8127d0cdca.jpg', 'https://kitchen-utensils.s3.ap-southeast-1.amazonaws.com/thumbnail_6x25mm_Tooling_Set_8127d0cdca.jpg', '6x25mm_Tooling_Set_8127d0cdca.jpg', 'image/jpeg', 44022, 1656, 932),
  (602, 'LBD6.jpg', 49, '2025-12-02T06:48:43.327Z', '2025-12-02T06:48:43.327Z', 'https://kitchen-utensils.s3.ap-southeast-1.amazonaws.com/LBD_6_cfe23b5e67.jpg', 'https://kitchen-utensils.s3.ap-southeast-1.amazonaws.com/thumbnail_LBD_6_cfe23b5e67.jpg', 'LBD_6_cfe23b5e67.jpg', 'image/jpeg', 116562, 2312, 1301),
  (603, 'Tooling 25,35,45mm 3Sets.jpg', 50, '2025-12-02T06:49:23.188Z', '2025-12-02T06:49:23.188Z', 'https://kitchen-utensils.s3.ap-southeast-1.amazonaws.com/Tooling_25_35_45mm_3_Sets_bdd9962103.jpg', 'https://kitchen-utensils.s3.ap-southeast-1.amazonaws.com/thumbnail_Tooling_25_35_45mm_3_Sets_bdd9962103.jpg', 'Tooling_25_35_45mm_3_Sets_bdd9962103.jpg', 'image/jpeg', 53432, 1384, 778),
  (604, 'T-101U.jpg', 50, '2025-12-02T06:49:24.139Z', '2025-12-02T06:49:24.139Z', 'https://kitchen-utensils.s3.ap-southeast-1.amazonaws.com/T_101_U_b1860f91e7.jpg', 'https://kitchen-utensils.s3.ap-southeast-1.amazonaws.com/thumbnail_T_101_U_b1860f91e7.jpg', 'T_101_U_b1860f91e7.jpg', 'image/jpeg', 105759, 2125, 1195),
  (605, 'T-100_1.jpg', 50, '2025-12-02T06:49:24.228Z', '2025-12-02T06:49:24.228Z', 'https://kitchen-utensils.s3.ap-southeast-1.amazonaws.com/T_100_1_3766bc9db9.jpg', 'https://kitchen-utensils.s3.ap-southeast-1.amazonaws.com/thumbnail_T_100_1_3766bc9db9.jpg', 'T_100_1_3766bc9db9.jpg', 'image/jpeg', 127140, 2065, 1162),
  (606, 'T-101.jpg', 50, '2025-12-02T06:49:24.251Z', '2025-12-02T06:49:24.251Z', 'https://kitchen-utensils.s3.ap-southeast-1.amazonaws.com/T_101_6f34af5744.jpg', 'https://kitchen-utensils.s3.ap-southeast-1.amazonaws.com/thumbnail_T_101_6f34af5744.jpg', 'T_101_6f34af5744.jpg', 'image/jpeg', 116019, 2213, 1245),
  (607, 'T-101B.jpg', 50, '2025-12-02T06:49:25.379Z', '2025-12-02T06:49:25.379Z', 'https://kitchen-utensils.s3.ap-southeast-1.amazonaws.com/T_101_B_9b511826af.jpg', 'https://kitchen-utensils.s3.ap-southeast-1.amazonaws.com/thumbnail_T_101_B_9b511826af.jpg', 'T_101_B_9b511826af.jpg', 'image/jpeg', 155505, 2588, 1456),
  (608, 'T-101A.jpg', 50, '2025-12-02T06:49:25.765Z', '2025-12-02T06:49:25.765Z', 'https://kitchen-utensils.s3.ap-southeast-1.amazonaws.com/T_101_A_8946079ea9.jpg', 'https://kitchen-utensils.s3.ap-southeast-1.amazonaws.com/thumbnail_T_101_A_8946079ea9.jpg', 'T_101_A_8946079ea9.jpg', 'image/jpeg', 153979, 2491, 1401),
  (609, 'T-480_1.jpg', 50, '2025-12-02T06:49:25.929Z', '2025-12-02T06:49:25.929Z', 'https://kitchen-utensils.s3.ap-southeast-1.amazonaws.com/T_480_1_3fe420211f.jpg', 'https://kitchen-utensils.s3.ap-southeast-1.amazonaws.com/thumbnail_T_480_1_3fe420211f.jpg', 'T_480_1_3fe420211f.jpg', 'image/jpeg', 165100, 2747, 1545),
  (610, 'TS-103B.jpg', 51, '2025-12-02T06:49:39.62Z', '2025-12-02T06:49:39.62Z', 'https://kitchen-utensils.s3.ap-southeast-1.amazonaws.com/TS_103_B_62dc39eb6e.jpg', 'https://kitchen-utensils.s3.ap-southeast-1.amazonaws.com/thumbnail_TS_103_B_62dc39eb6e.jpg', 'TS_103_B_62dc39eb6e.jpg', 'image/jpeg', 98222, 2500, 1406),
  (611, 'TS-103A.jpg', 51, '2025-12-02T06:49:39.645Z', '2025-12-02T06:49:39.645Z', 'https://kitchen-utensils.s3.ap-southeast-1.amazonaws.com/TS_103_A_3f02ca04b0.jpg', 'https://kitchen-utensils.s3.ap-southeast-1.amazonaws.com/thumbnail_TS_103_A_3f02ca04b0.jpg', 'TS_103_A_3f02ca04b0.jpg', 'image/jpeg', 100618, 2600, 1462),
  (612, 'TS-100.jpg', 51, '2025-12-02T06:49:40.853Z', '2025-12-02T06:49:40.853Z', 'https://kitchen-utensils.s3.ap-southeast-1.amazonaws.com/TS_100_a20380dcb8.jpg', 'https://kitchen-utensils.s3.ap-southeast-1.amazonaws.com/thumbnail_TS_100_a20380dcb8.jpg', 'TS_100_a20380dcb8.jpg', 'image/jpeg', 123566, 2184, 1228),
  (613, 'TS-102B.jpg', 51, '2025-12-02T06:49:40.995Z', '2025-12-02T06:49:40.995Z', 'https://kitchen-utensils.s3.ap-southeast-1.amazonaws.com/TS_102_B_88f7013182.jpg', 'https://kitchen-utensils.s3.ap-southeast-1.amazonaws.com/thumbnail_TS_102_B_88f7013182.jpg', 'TS_102_B_88f7013182.jpg', 'image/jpeg', 121917, 2529, 1423),
  (614, 'TS-102A.jpg', 51, '2025-12-02T06:49:41.216Z', '2025-12-02T06:49:41.216Z', 'https://kitchen-utensils.s3.ap-southeast-1.amazonaws.com/TS_102_A_63b516f80e.jpg', 'https://kitchen-utensils.s3.ap-southeast-1.amazonaws.com/thumbnail_TS_102_A_63b516f80e.jpg', 'TS_102_A_63b516f80e.jpg', 'image/jpeg', 144159, 2332, 1312),
  (615, 'image.png', NULL, '2025-12-02T07:31:36.296Z', '2025-12-02T07:31:36.296Z', 'https://kitchen-utensils.s3.ap-southeast-1.amazonaws.com/image_bb35a694f7.png', 'https://kitchen-utensils.s3.ap-southeast-1.amazonaws.com/thumbnail_image_bb35a694f7.png', 'image_bb35a694f7.png', 'image/png', 11878, 160, 253),
  (616, 'image.png', NULL, '2025-12-02T07:31:52.369Z', '2025-12-02T07:31:52.369Z', 'https://kitchen-utensils.s3.ap-southeast-1.amazonaws.com/image_c95e7fa625.png', 'https://kitchen-utensils.s3.ap-southeast-1.amazonaws.com/thumbnail_image_c95e7fa625.png', 'image_c95e7fa625.png', 'image/png', 19405, 215, 249),
  (617, 'image.png', NULL, '2025-12-02T07:32:10.92Z', '2025-12-02T07:32:10.92Z', 'https://kitchen-utensils.s3.ap-southeast-1.amazonaws.com/image_a6fa2bb7f1.png', 'https://kitchen-utensils.s3.ap-southeast-1.amazonaws.com/thumbnail_image_a6fa2bb7f1.png', 'image_a6fa2bb7f1.png', 'image/png', 11489, 146, 245),
  (618, 'image.png', NULL, '2025-12-02T07:32:35.557Z', '2025-12-02T07:32:35.557Z', 'https://kitchen-utensils.s3.ap-southeast-1.amazonaws.com/image_954f640c61.png', 'https://kitchen-utensils.s3.ap-southeast-1.amazonaws.com/thumbnail_image_954f640c61.png', 'image_954f640c61.png', 'image/png', 16845, 219, 242),
  (619, 'image.png', NULL, '2025-12-02T07:32:59.867Z', '2025-12-02T07:32:59.867Z', 'https://kitchen-utensils.s3.ap-southeast-1.amazonaws.com/image_ac257b5029.png', 'https://kitchen-utensils.s3.ap-southeast-1.amazonaws.com/thumbnail_image_ac257b5029.png', 'image_ac257b5029.png', 'image/png', 9994, 141, 239),
  (620, 'image.png', NULL, '2025-12-02T07:33:14.61Z', '2025-12-02T07:33:14.61Z', 'https://kitchen-utensils.s3.ap-southeast-1.amazonaws.com/image_d1c3934de6.png', 'https://kitchen-utensils.s3.ap-southeast-1.amazonaws.com/thumbnail_image_d1c3934de6.png', 'image_d1c3934de6.png', 'image/png', 17766, 204, 238),
  (621, 'image.png', NULL, '2025-12-02T07:33:31.116Z', '2025-12-02T07:33:31.116Z', 'https://kitchen-utensils.s3.ap-southeast-1.amazonaws.com/image_1443a13cdf.png', 'https://kitchen-utensils.s3.ap-southeast-1.amazonaws.com/thumbnail_image_1443a13cdf.png', 'image_1443a13cdf.png', 'image/png', 9953, 123, 234),
  (622, 'image.png', NULL, '2025-12-02T07:33:49.201Z', '2025-12-02T07:33:49.201Z', 'https://kitchen-utensils.s3.ap-southeast-1.amazonaws.com/image_c0d946dd1f.png', 'https://kitchen-utensils.s3.ap-southeast-1.amazonaws.com/thumbnail_image_c0d946dd1f.png', 'image_c0d946dd1f.png', 'image/png', 19476, 218, 244),
  (623, 'image.png', NULL, '2025-12-02T13:59:48.988Z', '2025-12-02T13:59:48.988Z', 'https://kitchen-utensils.s3.ap-southeast-1.amazonaws.com/image_a9093f6c91.png', 'https://kitchen-utensils.s3.ap-southeast-1.amazonaws.com/thumbnail_image_a9093f6c91.png', 'image_a9093f6c91.png', 'image/png', 9431, 141, 229),
  (624, 'image.png', NULL, '2025-12-02T14:00:06.623Z', '2025-12-02T14:00:06.623Z', 'https://kitchen-utensils.s3.ap-southeast-1.amazonaws.com/image_a30e1ee9f2.png', 'https://kitchen-utensils.s3.ap-southeast-1.amazonaws.com/thumbnail_image_a30e1ee9f2.png', 'image_a30e1ee9f2.png', 'image/png', 14397, 220, 331),
  (625, 'image.png', NULL, '2025-12-02T14:00:21.22Z', '2025-12-02T14:00:21.22Z', 'https://kitchen-utensils.s3.ap-southeast-1.amazonaws.com/image_ce2a23490f.png', 'https://kitchen-utensils.s3.ap-southeast-1.amazonaws.com/thumbnail_image_ce2a23490f.png', 'image_ce2a23490f.png', 'image/png', 26716, 295, 335),
  (626, 'image.png', NULL, '2025-12-02T14:00:32.246Z', '2025-12-02T14:00:32.246Z', 'https://kitchen-utensils.s3.ap-southeast-1.amazonaws.com/image_2a3b12e7b8.png', 'https://kitchen-utensils.s3.ap-southeast-1.amazonaws.com/thumbnail_image_2a3b12e7b8.png', 'image_2a3b12e7b8.png', 'image/png', 15442, 253, 321),
  (627, 'image.png', NULL, '2025-12-02T14:00:46.955Z', '2025-12-02T14:00:46.955Z', 'https://kitchen-utensils.s3.ap-southeast-1.amazonaws.com/image_25f2abed5e.png', 'https://kitchen-utensils.s3.ap-southeast-1.amazonaws.com/thumbnail_image_25f2abed5e.png', 'image_25f2abed5e.png', 'image/png', 30341, 301, 344),
  (628, '五瓣花华夫炉.png', 32, '2025-12-08T04:25:40.506Z', '2025-12-08T04:25:40.506Z', 'https://kitchen-utensils.s3.ap-southeast-1.amazonaws.com/_dbb2a374d6.png', 'https://kitchen-utensils.s3.ap-southeast-1.amazonaws.com/thumbnail__dbb2a374d6.png', '_dbb2a374d6.png', 'image/png', 81009, 1014, 570),
  (629, 'rating waffle maker 2.png', 32, '2025-12-08T04:25:41.137Z', '2025-12-08T04:25:41.137Z', 'https://kitchen-utensils.s3.ap-southeast-1.amazonaws.com/rating_waffle_maker_2_96bc4695cd.png', 'https://kitchen-utensils.s3.ap-southeast-1.amazonaws.com/thumbnail_rating_waffle_maker_2_96bc4695cd.png', 'rating_waffle_maker_2_96bc4695cd.png', 'image/png', 114401, 1240, 698),
  (630, 'UFO.png', 32, '2025-12-08T04:25:41.469Z', '2025-12-08T04:25:41.469Z', 'https://kitchen-utensils.s3.ap-southeast-1.amazonaws.com/UFO_8eee42678b.png', 'https://kitchen-utensils.s3.ap-southeast-1.amazonaws.com/thumbnail_UFO_8eee42678b.png', 'UFO_8eee42678b.png', 'image/png', 113971, 1002, 564),
  (631, 'BUFFLE WAFFLE MAKER.png', 32, '2025-12-08T04:33:06.541Z', '2025-12-08T04:33:06.541Z', 'https://kitchen-utensils.s3.ap-southeast-1.amazonaws.com/BUFFLE_WAFFLE_MAKER_ddba58333a.png', 'https://kitchen-utensils.s3.ap-southeast-1.amazonaws.com/thumbnail_BUFFLE_WAFFLE_MAKER_ddba58333a.png', 'BUFFLE_WAFFLE_MAKER_ddba58333a.png', 'image/png', 238203, 1218, 685)
ON CONFLICT(id) DO UPDATE SET
  alt = excluded.alt,
  folder_id = excluded.folder_id,
  updated_at = excluded.updated_at,
  created_at = excluded.created_at,
  url = excluded.url,
  thumbnail_u_r_l = excluded.thumbnail_u_r_l,
  filename = excluded.filename,
  mime_type = excluded.mime_type,
  filesize = excluded.filesize,
  width = excluded.width,
  height = excluded.height;

